Country,AlphaISO,Reforestation,Cost-effective Reforestation,Avoided Forest Conversion,Cost-effective Avoided Forest Conversion,Improved Natural Forest Management,Cost-effective Improved Natural Forest Management,Reduced Woodfuel Harvest,Cost-effective Reduced Woodfuel Harvest,Improved Fire Management (Savannas),Cost-effective Improved Fire Management (Savannas),Biochar,Cost-effective Biochar,Trees in Agriculture Lands,Cost-effective Trees in Agriculture Lands,Nutrient Management,Cost-effective Nutrient Management,Improved Rice Cultivation,Cost-effective Improved Rice Cultivation,Optimal Grazing Intensity,Cost-effective Optimal Grazing Intensity,Grazing Legumes,Cost-effective Grazing Legumes,Peatland Restoration,Cost-effective Peatland Restoration,Avoided Peat Impacts,Cost-effective Avoided Peat Impacts,Avoided Mangrove Impacts,Cost-effective Avoided Mangrove Impacts,Mangrove Restoration,Cost-effective Mangrove Restoration,Avoided Grassland Conversion,Avoided Grassland Conversion Cost-effective,Max NCS Total,Cost-effective NCS Total,NBS in NDC adaptation,NBS in NDC mitigation,NBS in NDC both,Enhanced-NDC,Updated-NDC,Emissions LUCF proportional Max NCS Total,Emissions Excluding  LUCF proportional Max NCS Total,Emissions all proportional Max NCS Total,Emissions LUCF proportional Cost-effective NCS Total,Emissions Excluding  LUCF proportional Cost-effective NCS Total,Emissions all proportional Cost-effective NCS Total,Majority Population,IncomeGroup,SDG Index,Biodiversity Index,Protected area,Population,Area proportional Max NCS Total,Area proportion Cost-effective NCS Total,Carbon Price National,Carbon Price Sub-National,Carbon Price Regional,Land area,Governance,FLII,nbs policy
Afghanistan,AFG,0.11,0.033,,0,1.63,0.978,0,0,,,2.338457692,0.701537307,0.061114657,0.025668156,0,0,0.34,0.204,1.21,0.726,0.31,0.279,0.12,0.0576,0.03,0.027,0,0,,0,0.529934778,0.317960867,6.168457692,3.031337307,Adaptation,,,enhance,null,null,0.230714161,0.230714161,null,0.113378818,0.113378818,Rural,Low income,Low,Lower middle,0-1%,647500,0.00001,0.000005,no,no,no,647500,Low,High,
Albania,ALB,9.826666667,2.948,,0,0.65,0.39,0,0,,,0.284916915,0.085475074,0.849915939,0.356964694,0.328225432,0.295402889,0,0,0.14,0.084,0.03,0.027,0.21,0.1008,0,0,0,0,,0,0.228918095,0.137350857,8.933142346,3.422877963,,,,null,null,-245.6614145,1.075928674,1.071236954,-94.12914398,0.412259472,0.410461764,Urban,Upper middle income,Upper middle,Upper middle,1-5%,27398,0.000326,0.000125,no,no,no,27398,Middle,Upper Middle,
Algeria,DZA,7.773333333,2.332,,0,1.62,0.972,0,0,,,1.453643107,0.436092932,10.05596386,4.223504819,0,0,0,0,0.19,0.114,2.37,2.133,0.01,0.0048,0,0,0,0,,0,1.314019362,0.788411617,10.81364311,5.213292932,,,,null,update,1.216507202,0.135056968,0.121561209,0.586482126,0.065111409,0.058605059,Urban,Upper middle income,Upper middle,Low,1-5%,2381740,0.000005,0.000002,no,no,no,2381740,Low,Lower Middle,
Angola,AGO,4.913333333,1.474,46.22,36.976,0,0,2.2,0.66,15.69,,0.809594305,0.242878291,2.769947468,1.163377937,0,0,0,0,1.12,0.672,0.06,0.054,2.94,1.4112,0.62,0.558,0.24,0.216,0.037297007,0.011189102,0,0,88.82689131,47.00346739,,Mitigation,,enhance,null,0.815000379,0.675270257,0.36929233,0.431264037,0.357324714,0.195414021,Urban,Lower middle income,Low,Upper middle,5-10%,1246700,0.000071,0.000038,no,no,no,1246700,Low,High,"[National Biodiversity Strategy and Action Plan 2019-2025, https://www.africanparks.org/angola-government-partners-african-parks-management-iona-national-park],[National Development Program, https://www.privacyshield.gov/article?id=Angola-Agricultural-Equipment],[Presidential Decree No. 96/21 approving the Statute of the National Institution for Biodiversity and Conservation, https://www.africanparks.org/angola-government-partners-african-parks-management-iona-national-park]"
Argentina,ARG,79.64,23.892,79.65,63.72,3.08,1.848,2.13,0.639,0.16,,28.32064202,8.496192605,77.77701436,32.66634603,0,0,0.34,0.204,8.27,4.962,0.77,0.693,0.07,0.0336,0.05,0.045,0,0,,0,43.10030757,25.86018454,277.170642,140.9905926,,,Mitigation and Adaptation,enhance,null,2.746587628,0.855136231,0.652106237,1.39712855,0.43498894,0.33171206,Urban,High income,Upper middle,Upper middle,1-5%,2736690,0.000101,0.000052,yes,no,no,2736690,Middle,Upper Middle,"[Renewable Energy Directive II, https://planet-tracker.org/argentina-sustainable-agriculture-not-deforestation-is-the-path-to-solvency/]"
Armenia,ARM,1.613333333,0.484,,0,0.23,0.138,0,0,,,0.225240798,0.06757224,1.902909711,0.799222079,0,0,0,0,0.14,0.084,0.08,0.072,0.15,0.072,0.09,0.081,0,0,,0,0.206363662,0.123818197,2.115240798,0.87457224,,,Mitigation and Adaptation,enhance,null,93.07059513,0.276765181,0.275944601,38.48117854,0.114431957,0.114092678,Urban,Upper middle income,Upper middle,Upper middle,5-10%,28400,0.000074,0.000031,no,no,no,28400,Lower middle,Upper Middle,
Australia,AUS,149.82,44.946,,0,60.35,36.21,0,0,6.87,,19.43192182,5.829576546,86.27787389,36.23670704,0.308037397,0.277233657,0.28,0.168,8.95,5.37,2.43,2.187,2.5,1.2,0.21,0.189,0.77,0.693,0.23338961,0.070016883,3.700371667,2.220223,313.2333488,127.7110271,,Mitigation,,null,null,-21.65797245,0.555797545,0.541891265,-8.830355761,0.226608934,0.220939087,Urban,High income,High,High,10-20%,7617930,0.000041,0.000017,yes,no,no,7617930,High,Upper Middle,"[ACT Forest Management Unit Policy Statement, https://www.environment.act.gov.au/parks-conservation/management_of_the_commercial_pine_plantation_estate],[ACT Native Grassland Strategy, https://www.environment.act.gov.au/nature-conservation/conservation-and-ecological-communities/threatened-species-and-ecological-communities],[Biodiversity Conservation Act 2017, https://independentaustralia.net/politics/politics-display/nsw-government-support-of-deforestation-will-see-the-end-of-koalas, 15113],[Climate Solutions Fund, https://thelawreviews.co.uk/title/the-environment-and-climate-change-law-review/australia],[Strategic Plantation Management Plan 2017-2022, https://www.aph.gov.au/Parliamentary_Business/Bills_Legislation/bd/bd2021a/21bd041],[The Environmental Protection (Water and Wetland Biodiversity) Policy 2019, https://wetlandinfo.des.qld.gov.au/wetlands/management/legislation-update/]"
Austria,AUT,7.59,2.277,,0,0.41,0.246,0,0,,,1.937995764,0.581398729,3.06320104,1.286544437,0.348291697,0.313462527,0,0,0.55,0.33,0.86,0.774,0.16,0.0768,0.03,0.027,0,0,,0,0.133965405,0.080379243,12.91628746,5.407461256,,,,null,update,-2.605045142,0.178271929,0.166853582,-1.090613748,0.074634337,0.069853995,Urban,High income,High,Lower middle,Greater than 20%,82444,0.000157,0.000066,no,no,yes,82444,High,Lower Middle,
Azerbaijan,AZE,4.436666667,1.331,,0,0,0,0,0,,,1.128476829,0.338543049,1.485370421,0.623855577,0,0,0.01,0.006,0.24,0.144,0.2,0.18,0.03,0.0144,0.01,0.009,0,0,,0,0.991397349,0.59483841,4.978476829,1.699943049,,,,null,null,-0.749360223,0.105935284,0.09281434,-0.25587539,0.036172499,0.031692242,Urban,Upper middle income,Upper middle,Upper middle,5-10%,86100,0.000058,0.00002,no,no,no,86100,Lower middle,Upper Middle,
Bahamas,BHS,0,0,0.21,0.168,0,0,0,0,,,0.004568957,0.001370687,0.14,0.0588,0.003581991,0.003223792,0,0,0,0,0,0,0.09,0.0432,0.02,0.018,0.02,0.018,0.042679181,0.012803754,0,0,0.530830128,0.323398233,,Mitigation,,enhance,null,0.232634717,0.247316027,0.119875414,0.141728309,0.15067262,0.073031833,Urban,High income,null,Lower middle,10-20%,10070,0.000053,0.000032,no,no,no,10070,Upper middle,Upper Middle,"[National Environmental Policy Framework, https://www.tuckermanreef.com/Bahamas.html]"
Bangladesh,BGD,0.11,0.033,2.22,1.776,0.63,0.378,4.49,1.347,,,5.467061168,1.64011835,10.12979721,4.254514827,5.628360174,5.065524157,18.74,11.244,0.06,0.036,0.1,0.09,1.11,0.5328,0.22,0.198,0.08,0.072,0.018080899,0.00542427,0.003792051,0.00227523,41.19350224,23.35386678,,,,enhance,null,1.593783281,0.285995572,0.24248329,0.903564892,0.16213971,0.137471255,Rural,Lower middle income,Lower middle,Upper middle,0-1%,133910,0.000308,0.000174,no,no,no,133910,Low,Lower Middle,"[Bangladesh Biodiversity Act 2017, https://www.dhakatribune.com/bangladesh/2020/06/04/tib-calls-for-enforcing-laws-to-save-environment-biodiversity],[National Forest Policy 2016, https://www.nbsbangladesh.info/case_study/forest-protected-area-co-management/]"
Belarus,BLR,30.36,9.108,,0,1.29,0.774,0,0,,,3.159991127,0.947997338,12.74358507,5.352305731,0,0,0,0,0.13,0.078,0.02,0.018,24.17,11.6016,4.83,4.347,0,0,,0,2.434863495,1.460918097,55.24999113,24.26399734,,,Mitigation and Adaptation,enhance,null,-3.540840727,0.979846679,0.767467581,-1.555021969,0.430316761,0.337046775,Urban,Upper middle income,High,Lower middle,5-10%,207600,0.000266,0.000117,no,no,no,207600,Lower middle,Lower Middle,
Belgium,BEL,3.483333333,1.045,,0,0.15,0.09,0,0,,,1.303465827,0.391039748,1.95853145,0.822583209,0.837545006,0.753790506,0,0,0.09,0.054,0.47,0.423,0.21,0.1008,0.04,0.036,0,0,,0,0.146896099,0.088137659,8.161010833,3.766230254,,Mitigation,,null,update,-2.991373514,0.071271809,0.069613219,-1.380490929,0.032891274,0.03212585,Urban,High income,High,Lower middle,1-5%,30278,0.00027,0.000124,no,no,yes,30278,High,Low,
Belize,BLZ,5.646666667,1.694,4.9,3.92,0,0,0.02,0.006,,,0.126007025,0.037802108,0.146216274,0.061410835,0.03217114,0.028954026,0.01,0.006,0.02,0.012,0.02,0.018,0.03,0.0144,0.01,0.009,0.27,0.243,0.050184193,0.015055258,0.020600248,0.012360149,11.37836236,6.091611392,,,,enhance,null,2.407424234,1.286615809,0.83849391,1.288857959,0.688812966,0.448902829,Rural,Upper middle income,Lower middle,High,Greater than 20%,22806,0.000499,0.000267,no,no,no,22806,Middle,Upper Middle,
Benin,BEN,0.66,0.198,0.71,0.568,3.87,2.322,1.01,0.303,-0.68,,0.596047742,0.178814323,1.495027321,0.627911475,0,0,0.04,0.024,0.05,0.03,0,0,0.15,0.072,0.03,0.027,0,0,0.000458883,0.000137665,0.284896543,0.170937926,7.736506625,4.304951988,,Mitigation,,enhance,null,0.713221362,0.722424218,0.358896647,0.396869526,0.401990423,0.199706781,Rural,Low income,Low,Upper middle,10-20%,110620,0.00007,0.000039,no,no,no,110620,Middle,Upper Middle,
Bhutan,BTN,2.31,0.693,0.25,0.2,1.94,1.164,0.82,0.246,,,0.040470521,0.012141156,0.053525825,0.022480846,0.000878449,0.000790604,0.05,0.03,0.04,0.024,0.35,0.315,0,0,0,0,0,0,,0,0,0,4.40134897,2.26853176,Adaptation,,,enhance,null,-1.257528277,-0.752484281,-1.873639267,-0.648151931,-0.387843478,-0.965706245,Rural,Lower middle income,Lower middle,Upper middle,Greater than 20%,47000,0.000094,0.000048,no,no,no,47000,Upper middle,High,
Bolivia,BOL,61.45333333,18.436,92.5,74,0.03,0.018,0.41,0.123,2.56,,1.742073604,0.522622081,2.961686496,1.243908328,0.014482878,0.01303459,0.38,0.228,0.89,0.534,0.26,0.234,0.04,0.0192,0.01,0.009,0,0,,0,1.508387876,0.905032725,146.9765565,90.54965667,,,Mitigation and Adaptation,null,null,1.611617179,3.633618289,1.116442091,0.992888837,2.238607955,0.687820224,Urban,Lower middle income,Upper middle,High,10-20%,1084390,0.000136,0.000084,no,no,no,1084390,Lower middle,High,
Bosnia and Herzegovina,BIH,11.51333333,3.454,,0,0.18,0.108,0,0,,,0.472848541,0.141854562,1.892165223,0.794709394,0.109711019,0.098739917,0,0,0.24,0.144,0,0,0.17,0.0816,0,0,0,0,,0,0.041157038,0.024694223,10.23255956,3.598194479,,,Mitigation and Adaptation,enhance,null,59.55457945,0.384932646,0.382460602,20.94187263,0.135358364,0.13448909,Rural,Upper middle income,Upper middle,Upper middle,0-1%,51129,0.0002,0.00007,no,no,no,51129,Lower middle,Upper Middle,
Botswana,BWA,0,0,0.01,0.008,13.07,7.842,0.18,0.054,,,0.014060785,0.004218235,1.449943038,0.608976076,0.241702944,0.21753265,0,0,0.46,0.276,0,0,0.29,0.1392,0.06,0.054,0,0,,0,0,0,15.50576373,9.090550885,,,,enhance,null,0.462507189,1.104971502,0.326037774,0.271153695,0.647810701,0.191145888,Urban,Upper middle income,Lower middle,Lower middle,10-20%,585370,0.000026,0.000016,no,no,no,585370,Upper middle,High,
Brazil,BRA,1830.51,549.153,1072.43,857.944,121.39,72.834,25.12,7.536,9.21,,103.5898678,31.07696033,176.6033185,74.17339377,10.92710931,9.83439838,4.38,2.628,10.52,6.312,0.23,0.207,8.74,4.1952,1.75,1.575,3.79,3.411,0.497589026,0.149276708,39.75113078,23.85067847,3083.784566,1531.125035,,,,null,null,5.557333497,3.39267871,2.106616908,2.759262933,1.684493582,1.045953055,Urban,Upper middle income,Upper middle,High,5-10%,8456510,0.000365,0.000181,no,no,no,8456510,Middle,Upper Middle,"[Federal Program for Payment for Environmental Services, https://www.demarest.com.br/en/environmental-legislation-advances-in-the-creation-of-opportunities-to-pay-for-environmental-conservation-recovery-and-improvement/],[National Policy for Payment for Environmental Services (PNPSA), https://www.demarest.com.br/en/environmental-legislation-advances-in-the-creation-of-opportunities-to-pay-for-environmental-conservation-recovery-and-improvement/],[National Policy for the Recovery of Native Vegetation, https://initiative20x20.org/regions-countries/brazil],[Para State Policy on Climate Change, https://iclg.com/practice-areas/environment-and-climate-change-laws-and-regulations/brazil],[The Forest Code (Law No. 12, 651/2012), National Policy for Payment for Environmental Services (PNPSA), Federal Program for Payment for Environmental Services, https://www.demarest.com.br/en/environmental-legislation-advances-in-the-creation-of-opportunities-to-pay-for-environmental-conservation-recovery-and-improvement/],[The Reverte Plan (may also be referred to as project), https://www.syngentagroup.com/en/our-stories/conservation-program-brazil-could-lead-more-profitable-farms-and-ranches]"
Brunei Darussalam,BRN,0,0,0.64,0.512,0.26,0.156,0,0,,,,0,0.020157386,0.008466102,,0,0,0,0,0,0,0,0.41,0.1968,0.32,0.288,0.06,0.054,0.00660488,0.001981464,0,0,1.70660488,1.212981464,,Mitigation,,enhance,null,1.215058491,0.093312723,0.086657682,0.863611398,0.066322677,0.061592559,Urban,High income,null,High,Greater than 20%,5270,0.000324,0.00023,no,no,no,5270,Upper middle,High,"[Environmental Protection and Management Order 2016, https://d9.landportal.org/book/narratives/2021/brunei],[National Forestry Policy, https://d9.landportal.org/book/narratives/2021/brunei]"
Bulgaria,BGR,18.00333333,5.401,,0,1.01,0.606,0,0,,,3.405295415,1.021588625,7.195172191,3.02197232,1.141630738,1.027467665,0.04,0.024,0.46,0.276,0.01,0.009,0.09,0.0432,0,0,0,0,,0,0.312575853,0.187545512,27.06692615,10.24265629,,Mitigation,,null,update,-2.561171507,0.6803377,0.537546378,-0.969197584,0.257453143,0.203418104,Urban,Upper middle income,High,Lower middle,1-5%,110550,0.000245,0.000093,no,no,yes,110550,Upper middle,Upper Middle,"[National Development Programme, https://biodiversity.europa.eu/countries/bulgaria/green-infrastucture]"
Burkina Faso,BFA,0,0,0,0,4.35,2.61,2.04,0.612,-0.43,,1.671860206,0.501558062,7.249994861,3.044997842,0,0,0.22,0.132,0.34,0.204,0,0,0.15,0.072,0.03,0.027,0,0,,0,0.133871704,0.080323022,21.81186021,9.803358062,,,,enhance,null,2.115042862,1.044174699,0.699057346,0.950607711,0.469305156,0.314191885,Rural,Low income,Low,Upper middle,10-20%,273800,0.00008,0.000036,no,no,no,273800,Lower middle,,
Burundi,BDI,0.623333333,0.187,0.42,0.336,0.03,0.018,0.83,0.249,0.03,,0.125758334,0.0377275,0.055700711,0.023394299,0,0,0.03,0.018,0,0,0,0,0.18,0.0864,0.31,0.279,0,0,,0,0.009543342,0.005726005,2.615758334,1.2329275,Adaptation,,Mitigation and Adaptation,enhance,null,2.080501929,1.051272988,0.698382079,0.980636479,0.495513427,0.329179672,Rural,Low income,Low,High,5-10%,25650,0.000102,0.000048,no,no,no,25650,Low,Lower Middle,
Cambodia,KHM,51.95666667,15.587,53.13,42.504,4.5,2.7,1.61,0.483,,,0.872481521,0.261744456,7.462491762,3.13424654,0,0,4.44,2.664,0.05,0.03,0.07,0.063,0,0,0,0,1.19,1.071,0.167288215,0.050186465,0.158165401,0.094899241,118.8997697,66.59633092,,Mitigation,,enhance,null,4.771606958,4.701960983,2.368263983,2.672599928,2.633590883,1.326476008,Rural,Lower middle income,Lower middle,Upper middle,10-20%,176520,0.000674,0.000377,no,no,no,176520,Lower middle,Upper Middle,"[Cambodia National Action Plan, Financing Framework, and Implementation Plan , https://opendevelopmentcambodia.net/topics/sdg13-climate-action/],[Cambodian National Action Plan for Fisheries Conservation, https://en.wikipedia.org/wiki/Marine_Conservation_Cambodia],[Law on Environmental Protection and Natural Resource Management, https://opendevelopmentcambodia.net/topics/protected-areas/]"
Cameroon,CMR,47.11666667,14.135,20.86,16.688,18.93,11.358,2.41,0.723,-0.96,,1.511759692,0.453527908,3.598786999,1.51149054,0,0,0.05,0.03,0.13,0.078,0,0,0.29,0.1392,0.06,0.054,0.4,0.36,0.089485993,0.026845798,0.652338514,0.391403108,105.1712457,48.64497371,,Mitigation,,null,null,0.938001137,1.269751954,0.539475533,0.433854713,0.587299789,0.249524221,Urban,Lower middle income,Low,High,1-5%,469440,0.000224,0.000104,no,no,no,469440,Low,High,"[Cameroon Rubber Accord, https://www.mightyearth.org/2020/10/22/progress-update-on-cameroon-rubber-accord-october-2020/],[Forest Law Enforcement, Governance and Trade (VPA FLEGT), https://wwf.panda.org/wwf_news/?987516/New-Forest-Stewardship-Council-standard-to-increase-protection-of-tropical-intact-forest-landscapes-in-Cameroon]"
Canada,CAN,38.79333333,11.638,,0,127.86,76.716,0,0,,,29.10629052,8.731887156,52.17746399,21.91453488,2.741916423,2.467724781,0,0,0,0,5.32,4.788,0.99,0.4752,0.2,0.18,0,0,,0,63.50298033,38.1017882,340.8982069,160.1520119,,,Mitigation and Adaptation,null,null,2.055945588,0.477738007,0.38765825,0.965871382,0.224438561,0.18211961,Urban,High income,High,Low,10-20%,9093507,0.000037,0.000018,yes,yes,no,9093507,High,High,"[Arctic Waters Pollution Prevention Act, https://www.nwtwaterstewardship.ca/en/roles-and-responsibilities],[California Drought, Water, Parks, Climate, Coastal Protection, and Outdoor Access For All Act of 2018, https://leginfo.legislature.ca.gov/faces/billNavClient.xhtml?bill_id=201720180AJR47],[Climate Change Adaptation Policy, https://www.iisd.org/events/canadas-action-nature-based-solutions-climate-adaptation],[Statutes of 2016, https://leginfo.legislature.ca.gov/faces/billNavClient.xhtml?bill_id=201720180AJR47]"
Cape Verde,CPV,1.576666667,0.473,,0,0.01,0.006,0,0,,,,0,1.77E-06,7.44E-07,,0,0,0,0,0,0,0,0,0,0,0,0,0,,0,0,0,0.01,0.006,,,,enhance,null,-0.106796117,0.02037037,0.017107309,-0.06407767,0.012222222,0.010264386,Urban,Lower middle income,Lower middle,Low,null,4033,0.000002,0.000001,no,no,no,4033,Upper middle,Upper Middle,
Central African Republic,CAF,10.37666667,3.113,16.86,13.488,26.43,15.858,0.5,0.15,17.11,,0.05844186,0.017532558,0.074846987,0.031435735,0.003360428,0.003024385,0.02,0.012,0.21,0.126,0,0,0.03,0.0144,0.01,0.009,0,0,,0,0,0,68.77180229,31.98195694,,,,enhance,null,5.070986896,1.448686925,1.126785268,2.358235195,0.673704066,0.524005431,Rural,Low income,Low,Lower middle,5-10%,622984,0.00011,0.000051,no,no,no,622984,Low,High,
Chad,TCD,0.33,0.099,0.4,0.32,4.46,2.676,1.5,0.45,1.54,,0.805200697,0.241560209,4.924777789,2.068406672,0,0,0.19,0.114,0.93,0.558,1.36,1.224,0.02,0.0096,0,0,0,0,,0,0.057888609,0.034733165,20.9052007,9.596360209,,Mitigation,,enhance,null,0.928257408,0.747755366,0.414143298,0.426108918,0.343250942,0.19010907,Rural,Low income,Low,Lower middle,5-10%,1259200,0.000017,0.000008,no,no,no,1259200,Low,Upper Middle,
Chile,CHL,25.88666667,7.766,43.26,34.608,2.51,1.506,2.58,0.774,,,1.802764523,0.540829357,4.86798031,2.04455173,1.854045679,1.668641111,0.08,0.048,0.53,0.318,1.88,1.692,0.15,0.072,0.09,0.081,0,0,,0,3.975947018,2.385568211,78.6268102,49.08267047,,,Mitigation and Adaptation,enhance,null,-1.836684885,24.1523293,1.706883449,-1.146547834,15.07705599,1.065519479,Urban,High income,High,Upper middle,10-20%,748800,0.000105,0.000066,yes,no,no,748800,High,Upper Middle,
China,CHN,1062.16,318.648,220.96,176.768,35.27,21.162,65.2,19.56,,,217.7932296,65.33796889,184.8269403,77.62731494,212.919054,191.6271486,51.42,30.852,25.04,15.024,19.4,17.46,36.32,17.4336,42.47,38.223,0.05,0.045,0.027912641,0.008373792,49.4415292,29.66491752,1383.970196,735.1670912,,,Mitigation and Adaptation,null,null,-3.905458411,0.157628336,0.15151311,-2.074585499,0.083732414,0.080483997,Urban,Upper middle income,Upper middle,High,5-10%,9326410,0.000148,0.000079,no,yes,no,9326410,Lower middle,Upper Middle,"[China National Development and Reform, http://www.world-agriculture.net/article/status-problem-and-strategy-of-capital-farmland-development-in-china],[Environmental Protection Law of the People's Republic of China, http://english.mee.gov.cn/Resources/laws/environmental_laws/202011/t20201113_807786.shtml],[Timber Production Plan and Timber Transportation Certificate, https://induforgroup.com/forest-law-amendment-to-transform-chinas-forest-sector/],[Yangtze River Protection Law of the People's Republic of China, http://www.npc.gov.cn/englishnpc/c23934/202103/8cccd3c25caf464d8ae3aedc66a21dd0.shtml]"
Colombia,COL,160,48,130,104,0,0,1.8,0.54,0.64,,3.73706526,1.121119578,6.166898096,2.5900972,3.56231269,3.206081421,0.71,0.426,1.84,1.104,0.77,0.693,0.09,0.0432,0.1,0.09,0.16,0.144,0.02281455,0.006844365,0,0,487.3021925,194.6352454,,Mitigation,,enhance,null,4.351583538,3.287896927,1.872844391,1.738082739,1.313231574,0.748039991,Urban,Upper middle income,Upper middle,High,5-10%,1038700,0.000469,0.000187,yes,no,no,1038700,Middle,High,"[Colombian Strategy for the Decarbonisation and Adaptation of its Economy, https://bu.com.co/en/noticias/new-conpes-reducing-and-controlling-deforestation-colombia],[National Development Plan of 2018-2020, https://thelawreviews.co.uk/title/the-environment-and-climate-change-law-review/colombia],[National Policy for Deforestation Control and Sustainable Management of Forests, https://bu.com.co/en/noticias/new-conpes-reducing-and-controlling-deforestation-colombia],[National Policy of Climate Change (PNCC), https://gggi.org/the-livestock-sector-in-colombia-toward-a-program-to-facilitate-large-scale-adoption-of-mitigation-and-adaptation-practices/],[National Strategy to Reduce Emissions from Deforestation and Degradation of Forests (REDD+), https://bu.com.co/en/noticias/new-conpes-reducing-and-controlling-deforestation-colombia]"
Comoros,COM,0,0,0.04,0.032,0.04,0.024,0,0,,,,0,5.08E-06,2.14E-06,,0,0,0,0,0,0,0,0,0,0,0,0,0,0,0,0,0,0.08,0.056,,,Mitigation and Adaptation,enhance,null,1.086419753,0.224489796,0.186046512,0.760493827,0.157142857,0.130232558,Rural,Low income,null,Low,0-1%,2170,0.000037,0.000026,no,no,no,2170,Low,Upper Middle,
Costa Rica,CRI,28.82,8.646,5.84,4.672,0.24,0.144,0.56,0.168,,,0.345702642,0.103710792,0.855615115,0.359358348,0.532926073,0.479633466,0.14,0.084,0.13,0.078,0.1,0.09,0.03,0.0144,0.01,0.009,0.09,0.081,0.010621924,0.003186577,0,0,31.37925064,13.01593084,,Mitigation,,enhance,null,-3.502859316,-6.065221526,8.291418617,-1.452965691,-2.515818647,3.439232265,Urban,Upper middle income,High,High,Greater than 20%,50660,0.000619,0.000257,no,no,no,50660,Upper middle,Lower Middle,
Cote d'Ivoire,CIV,155.21,46.563,43.65,34.92,10.72,6.432,2.95,0.885,-0.01,,0.610321535,0.18309646,0.660985065,0.277613727,0,0,0.8,0.48,0.26,0.156,0,0,0.87,0.4176,0.47,0.423,0.05,0.045,,0,0.637716691,0.382630015,168.1303215,76.30809646,,,Mitigation and Adaptation,enhance,null,57.70463454,5.878308871,5.334853137,26.1899863,2.667945652,2.421291318,Urban,Lower middle income,Low,Upper middle,5-10%,318000,0.000529,0.00024,no,no,no,318000,Lower middle,Lower Middle,
Croatia,HRV,11.66,3.498,,0,0.72,0.432,0,0,,,1.152199794,0.345659938,2.624541955,1.102307621,0.705335504,0.634801953,0,0,0.15,0.09,0.39,0.351,0,0,0,0,0,0,,0,0.201735325,0.121041195,13.4475353,5.395261892,,,Mitigation and Adaptation,null,update,-1.710882353,1.240963828,0.7192594,-0.686420088,0.497884906,0.288572794,Urban,High income,High,Upper middle,5-10%,56414,0.000238,0.000096,no,no,yes,56414,Upper middle,Lower Middle,"[Forest Act and Ordinance on Forest Management, https://integratenetwork.org/2021/04/20/new-procedures-in-croatian-forest-management/]"
Cuba,CUB,72.96666667,21.89,4.76,3.808,0.65,0.39,0,0,,,1.693151608,0.507945482,5.12870252,2.154055058,0.228149402,0.205334462,0.32,0.192,0.21,0.126,0,0,2.07,0.9936,0.56,0.504,2.34,2.106,0.5429426,0.16288278,0.046585047,0.027951028,102.1742436,35.63576272,,,,null,update,16.60388063,2.309829174,2.027742219,5.791008863,0.805609334,0.70722462,Urban,Upper middle income,Upper middle,High,10-20%,110860,0.000922,0.000321,no,no,no,110860,Lower middle,Lower Middle,
Cyprus,CYP,0,0,,0,0.08,0.048,0,0,,,,0,0.330449638,0.138788848,,0,0,0,0,0,0,0,0,0,0,0,0,0,,0,0.185227988,0.111136793,0.08,0.048,Adaptation,,,null,update,-0.261127596,0.010204082,0.009820333,-0.156676558,0.006122449,0.0058922,Urban,High income,Upper middle,Lower middle,5-10%,9240,0.000009,0.000005,no,no,yes,9240,Upper middle,Upper Middle,"[Common Agricultural Policy, https://lifecyclamen.com.cy/en/partner-for-life/],[European Green Agreement Investment Plan, https://in-cyprus.philenews.com/significant-funding-opportunities-for-cyprus-in-the-post-covid-era-under-european-green-deal/]"
Czech Republic,CZE,7.076666667,2.123,,0,0.85,0.51,0,0,,,3.178294945,0.953488484,5.504465102,2.311875343,0.588845897,0.529961308,0,0,0.25,0.15,0.43,0.387,0.3,0.144,0.06,0.054,0,0,,0,0.37758811,0.226552866,18.68714084,7.597449791,,,,null,update,-1.895597098,0.166948394,0.153435109,-0.770674545,0.067874591,0.062380625,Urban,High income,High,Upper middle,10-20%,77276,0.000242,0.000098,no,no,yes,77276,High,Low,
Democratic People's Republic of Korea (North Korea),PRK,14.74,4.422,,0,1.46,0.876,0,0,,,1.727528815,0.518258645,3.966049338,1.665740722,,0,0.95,0.57,0.14,0.084,0.17,0.153,1.35,0.648,0.27,0.243,0,0,,0,0.25644956,0.153869736,13.65752882,5.369258645,,,,null,null,null,null,null,null,null,null,Urban,Low income,null,Low,1-5%,120410,0.000113,0.000045,no,no,no,120410,Low,High,
Democratic Republic of the Congo (DRC),COD,220.99,66.297,328.63,262.904,14.77,8.862,0,0,10.23,,0.681859762,0.204557929,0.249820785,0.10492473,0.002874289,0.00258686,0.85,0.51,0.64,0.384,0.16,0.144,1.75,0.84,0.94,0.846,0.07,0.063,,0,0.340090087,0.204054052,656.9847341,364.2729448,,,Mitigation and Adaptation,enhance,null,3.902092868,17.69504193,3.197076721,2.163561474,9.811224977,1.772656946,Rural,Low income,Low,High,5-10%,2267600,0.00029,0.000161,no,no,no,2267600,Low,Upper Middle,"[Forest Law Enforcement and Governance (IM-FLEG), https://en.wikipedia.org/wiki/Deforestation_in_the_Democratic_Republic_of_the_Congo]"
Denmark,DNK,2.383333333,0.715,,0,0.09,0.054,0,0,,,4.300212845,1.290063854,3.513953437,1.475860444,0.406124088,0.36551168,0,0,0.02,0.012,0.91,0.819,1.84,0.8832,0.37,0.333,0,0,,0,0.048636232,0.029181739,15.57633693,6.822775533,,,Mitigation and Adaptation,null,update,27.06788409,0.259142301,0.256684853,11.85632399,0.113509983,0.112433568,Urban,High income,High,Lower middle,10-20%,42394,0.000367,0.000161,yes,no,yes,42394,High,Low,"[Climate-Neutral 2050, https://www.nycfoodpolicy.org/food-policy-snapshot-denmark-carbon-neutral-food-system/],[Environmental Assessment Act, https://www.oecd-ilibrary.org/sites/3a03e006-en/index.html?itemId=/content/component/3a03e006-en],[Forestry Act (Skovloven, consolidation Act no. 122 of 26 January 2017), https://biodiversity.europa.eu/countries/denmark/green-infrastructure],[Soil Contamination Act, https://www.oecd-ilibrary.org/sites/3a03e006-en/index.html?itemId=/content/component/3a03e006-en]"
Djibouti,DJI,0,0,,0,0.01,0.006,0,0,,,1.10E-05,3.31E-06,0,0,,0,0,0,0,0,0,0,0.05,0.024,0.03,0.027,0,0,0,0,0,0,0.09001105,0.057003315,,,,enhance,null,null,0.071231766,0.071231766,null,0.045110537,0.045110537,Urban,Lower middle income,Low,Lower middle,0-1%,22980,0.000004,0.000002,no,no,no,22980,Low,,
Dominican Republic,DOM,36.08,10.824,6.48,5.184,0.1,0.06,0.9,0.27,,,0.434200589,0.130260177,1.721884303,0.723191407,0.317610977,0.28584988,0.34,0.204,0.1,0.06,0,0,0.01,0.0048,0.01,0.009,0.05,0.045,0.007523466,0.00225704,0.034040814,0.020424488,47.78933503,18.1363671,,Mitigation,,enhance,null,-5.498772859,3.478808056,2.130771697,-2.086820482,1.320230548,0.808641879,Urban,Upper middle income,Upper middle,High,Greater than 20%,48380,0.000988,0.000375,no,no,no,48380,Middle,Lower Middle,"[UN Convention to Combat Desertification, https://knowledge.unccd.int/home/country-information/countries-having-set-voluntary-ldn-targets/dominican-republic]"
Ecuador,ECU,85.06666667,25.52,19.6,15.68,2.42,1.452,0.82,0.246,,,1.885136452,0.565540936,1.585557487,0.665934145,0.827755177,0.744979659,0.74,0.444,0.38,0.228,0.19,0.171,0.29,0.1392,0.06,0.054,0.14,0.126,0.020276789,0.006083037,0.003191188,0.001914713,85.70316842,37.53820363,,,,enhance,null,2.528320467,1.681533342,1.0098819,1.107410733,0.736515839,0.442330816,Urban,Upper middle income,Upper middle,High,Greater than 20%,276840,0.00031,0.000136,no,no,no,276840,Lower middle,Upper Middle,"[National Action Plan for the Conservation of Mangroves, https://www.intechopen.com/chapters/74810]"
Egypt,EGY,0,0,,0,0.04,0.024,0,0,,,8.90335659,2.671006977,3.020880044,1.268769618,4.523962155,4.07156594,0.65,0.39,0,0,0,0,0.02,0.0096,0,0,0,0,0,0,0.048840643,0.029304386,15.41731875,7.703772917,,,Mitigation and Adaptation,null,null,-54.00971535,0.060147862,0.060080953,-26.98773952,0.030054867,0.030021434,Rural,Lower middle income,Lower middle,Lower middle,1-5%,995450,0.000015,0.000008,no,no,no,995450,Low,Low,
El Salvador,SLV,10.52333333,3.157,1.5,1.2,0.24,0.144,0.61,0.183,,,0.91669337,0.275008011,0.87141085,0.365992557,0.356661301,0.320995171,0.01,0.006,0.05,0.03,0,0,0.06,0.0288,0.01,0.009,0.06,0.054,0.008949791,0.002684937,0,0,17.13230446,6.340088119,,Mitigation,,null,null,21.3184784,1.402510598,1.315937079,7.889249922,0.519021875,0.486983935,Urban,Lower middle income,Lower middle,Upper middle,0-1%,20720,0.000827,0.000306,no,no,no,20720,Middle,Lower Middle,"[National Plan for Reforestation and Restoration of Ecosystems and Countryside, https://news.mongabay.com/2017/03/communities-conserving-local-forest-in-el-salvador-vote-to-ban-mining/]"
Equatorial Guinea,GNQ,0.22,0.066,2.3,1.84,1.56,0.936,0.07,0.021,,,,0,2.30E-07,9.67E-08,,0,0,0,0,0,0,0,0.01,0.0048,0,0,0.1,0.09,0.015000751,0.004500225,0,0,4.295000751,2.968300225,,Mitigation,,null,null,0.79644316,0.213604342,0.168431402,0.550426542,0.147623214,0.11640393,Urban,Upper middle income,null,High,0-1%,28051,0.000153,0.000106,no,no,no,28051,Low,High,
Eritrea,ERI,0,0,0,0,0.02,0.012,0.48,0.144,0,,0.087851171,0.026355351,0.238782796,0.100288774,0.001260312,0.001134281,0,0,0.08,0.048,0,0,0,0,0,0,0,0,0.003037832,0.000911349,0.207877426,0.124726456,0.702149315,0.241400982,,,Mitigation and Adaptation,enhance,null,1.139180305,0.108280421,0.098881609,0.39165351,0.037227125,0.033995785,null,Low income,null,Upper middle,1-5%,121320,0.000006,0.000002,no,no,no,121320,Low,,
Estonia,EST,7.15,2.145,,0,0.73,0.438,0,0,,,0.590067868,0.177020361,1.623553309,0.68189239,0,0,0,0,0,0,0.17,0.153,6.56,3.1488,0,0,0,0,,0,0.076918658,0.046151195,19.08006787,7.225820361,,Mitigation,,null,update,5.628338604,0.875305474,0.7575008,2.131510431,0.331487297,0.28687344,Urban,High income,High,Lower middle,10-20%,43211,0.000442,0.000167,yes,no,yes,43211,High,Lower Middle,
Ethiopia,ETH,73.40666667,22.022,10.46,8.368,14.14,8.484,16.53,4.959,1.09,,10.80982748,3.242948244,3.752997527,1.576258961,0,0,0,0,0.56,0.336,0,0,0.44,0.2112,0.38,0.342,0,0,,0,1.275282567,0.76516954,69.22982748,30.39154824,,,,enhance,null,2.471450694,0.639504289,0.50804442,1.084954502,0.280739187,0.223028961,Rural,Low income,Low,Upper middle,10-20%,1119683,0.000062,0.000027,no,no,no,1119683,Low,Upper Middle,"[EU taxonomy regulation for sustainable activities, https://www.oecd-ilibrary.org/sites/5e092588-en/index.html?itemId=/content/component/5e092588-en]"
Falkland Islands,FLK,0,0,,0,0,0,,0,,,,0,0,0,,0,0,0,0,0,,0,0.56,0.2688,0.11,0.099,0,0,,0,0,0,0.67,0.3678,,,Mitigation and Adaptation,null,null,null,null,null,null,null,null,null,null,null,Low,null,12173,0.000055,0.00003,no,no,no,12173,,,
Faroe Islands,FRO,0,0,,0,0,0,,0,,,,0,0,0,,0,0,0,0,0,,0,0.01,0.0048,0,0,0,0,,0,0,0,0.01,0.0048,,,,null,null,null,null,null,null,null,null,Rural,High income,null,Low,null,1399,0.000007,0.000003,no,no,no,1399,,,
Fiji,FJI,0,0,,0,1.04,0.624,0,0,,,0.127358221,0.038207466,0,0,0.047828501,0.043045651,0,0,0,0,0,0,0.06,0.0288,0.01,0.009,0.06,0.054,0.016530188,0.004959056,0,0,3.731716909,1.516612173,,,,enhance,null,-3.177158359,-17.84734174,3.865243503,-1.291233275,-7.253362568,1.570878899,Urban,Upper middle income,null,Upper middle,0-1%,,,,no,no,no,18331,Middle,High,"[Climate Change Act, http://www.sas.com.fj/ocean-law-bulletins/fijis-proposed-climate-change-law-is-extraordinary-wide-ranging-and-open-for-consultation]"
Finland,FIN,0.806666667,0.242,,0,13.71,8.226,0,0,,,1.566592144,0.469977643,0.967922386,0.406527402,0.794086884,0.714678196,0,0,0,0,0.12,0.108,34.32,16.4736,8.35,7.515,0,0,,0,0.026196781,0.015718069,61.65067903,34.59985584,,,,null,update,-6.213078051,1.20484218,1.009147884,-3.486930043,0.676186644,0.56635826,Urban,High income,High,Low,5-10%,304473,0.000202,0.000114,yes,no,yes,304473,High,Lower Middle,"[National Forest Strategy 2025, https://mmm.fi/nfs]"
France,FRA,120.7066667,36.212,,0,4.88,2.928,0,0,,,30.05771165,9.017313495,37.1701084,15.61144553,5.830077683,5.247069915,0.03,0.018,2.84,1.704,12.22,10.998,1.5,0.72,0.31,0.279,0,0,,0,2.800765502,1.680459301,174.4577893,72.41518341,,,,null,update,-2.602894032,0.531609448,0.441448883,-1.080427818,0.220664241,0.183239751,Urban,High income,High,Lower middle,10-20%,545630,0.00032,0.000133,yes,no,yes,545630,High,Lower Middle,"[Agriculture and food policy, https://api.worldanimalprotection.org/country/france],[National Plan for Adaptation to Climate Change, https://www.gouvernement.fr/en/climate-plan]"
French Guiana,GUF,0,0,2.02,1.616,5.02,3.012,0.02,0.006,,,0.002481699,0.00074451,0,0,,0,0.02,0.012,0,0,0,0,0.03,0.0144,0.01,0.009,0.43,0.387,,0,0,0,7.972481699,5.18314451,,,,null,null,null,null,null,null,null,null,null,null,null,Low,null,-99999,,,no,no,no,83534,High,,
French Polynesia,PYF,0,0,,0,0,0,,0,,,,0,0,0,,0,0,0,0,0,,0,0,0,0,0,0,0,,0,0,0,0,0,,Mitigation,,null,null,null,null,null,null,null,null,Urban,High income,null,Low,null,,,,no,no,no,4167,,,
Gabon,GAB,12.61333333,3.784,10.62,8.496,22.89,13.734,0.18,0.054,0.13,,0.038598225,0.011579468,1.47E-05,6.19E-06,0.007788061,0.007009255,0,0,0.04,0.024,0,0,0.06,0.0288,0.07,0.063,0.35,0.315,0.052158944,0.015647683,0.078549123,0.047129474,44.50854523,25.77963641,,,,null,null,-1.311670143,-0.722242871,-1.60722867,-0.759727805,-0.418327728,-0.93091721,Urban,Upper middle income,Lower middle,Upper middle,1-5%,257667,0.000173,0.0001,no,no,no,257667,Lower middle,High,
"Gambia, The",GMB,0,0,0.01,0.008,0.03,0.018,0.18,0.054,-0.02,,0.067700481,0.020310144,0,0,0,0,0.02,0.012,0.01,0.006,0,0,0.06,0.0288,0.01,0.009,0,0,0,0,3.06E-05,1.84E-05,1.107700481,0.378110144,,,Mitigation and Adaptation,enhance,null,-3.981929835,0.179107824,0.171398302,-1.359219473,0.061137904,0.058506282,Urban,Low income,Low,Upper middle,1-5%,10000,0.000111,0.000038,no,no,no,10000,Low,Lower Middle,
Georgia,GEO,8.25,2.475,,0,3.28,1.968,0,0,,,0.145674304,0.043702291,1.887737018,0.792849548,0,0,0,0,0.17,0.102,0.21,0.189,0.09,0.0432,0,0,0,0,,0,0.365127666,0.219076599,8.935674304,3.857902291,,,Mitigation and Adaptation,enhance,null,-3.99725162,1.030534885,0.819308305,-1.725779797,0.444924777,0.353729476,Urban,Lower middle income,Upper middle,Upper middle,1-5%,69700,0.000128,0.000055,no,no,no,69700,Upper middle,High,
Germany,DEU,27.72,8.316,,0,3.06,1.836,0,0,,,20.6731734,6.201952019,22.80112158,9.576471065,6.51565403,5.864088627,0,0,2.01,1.206,6.63,5.967,17.41,8.3568,0,0,0,0,,0,0.702404402,0.421442641,136.7388274,57.85384065,,,,null,update,-5.888146806,0.160735807,0.156464605,-2.491259531,0.0680069,0.066199765,Urban,High income,High,Lower middle,Greater than 20%,349223,0.000392,0.000166,no,no,yes,349223,High,Low,"[Climate Action Plan 2050, https://www.oecd-ilibrary.org/sites/16af156c-en/index.html?itemId=/content/component/16af156c-en]"
Ghana,GHA,72.74666667,21.824,16.4,13.12,1.51,0.906,4.16,1.248,-0.51,,0.91567323,0.274701969,2.711475184,1.138819577,0,0,0.17,0.102,0.27,0.162,0,0,0.06,0.0288,0.01,0.009,0.07,0.063,0.032874379,0.009862314,0.621652731,0.372991638,78.24854761,32.96096428,,,,enhance,null,11.72183064,3.106445877,2.455661818,4.93763594,1.308541241,1.034408739,Urban,Lower middle income,Lower middle,High,5-10%,230940,0.000339,0.000143,no,no,no,230940,Middle,Lower Middle,
Greece,GRC,41.87333333,12.562,,0,4.2,2.52,0,0,,,1.580778588,0.474233576,5.348613933,2.246417852,0.620692417,0.558623175,0.07,0.042,0.23,0.138,0.18,0.162,0.16,0.0768,0.01,0.009,0,0,,0,0.606619528,0.363971717,40.491471,14.91145675,,,Mitigation and Adaptation,null,update,-62.20756719,0.381158161,0.378836952,-22.90866261,0.140365941,0.139511129,Urban,High income,Upper middle,Upper middle,1-5%,130800,0.00031,0.000114,no,no,yes,130800,Middle,Upper Middle,
Greenland,GRL,0,0,,0,,0,,0,,,,0,0,0,,0,,0,,0,0,0,,0,,0,,0,,0,0,0,0,0,,,,null,null,null,null,null,null,null,null,Urban,High income,null,Low,null,2166086,0,0,no,no,no,2166086,High,,
Guadeloupe,GLP,0,0,,0,0.01,0.006,,0,,,,0,0.01,0.0042,,0,0,0,0,0,,0,0,0,0,0,0,0,,0,0.007734404,0.004640642,0.02,0.0102,,,,null,null,null,null,null,null,null,null,null,null,null,Low,null,-99999,0,0,no,no,no,1629,,,
Guatemala,GTM,55.36666667,16.61,30.97,24.776,0.63,0.378,2.91,0.873,,,3.538713306,1.061613992,2.303830555,0.967608833,0.763411766,0.687070589,0.04,0.024,0.33,0.198,0.62,0.558,0.04,0.0192,0.04,0.036,1.4,1.26,0.175041339,0.052512402,0.035095345,0.021057207,96.71716641,46.67659698,,,,null,null,7.252633653,3.971216239,2.566122749,3.500187926,1.916545602,1.238434518,Urban,Upper middle income,Lower middle,High,10-20%,108430,0.000892,0.00043,no,no,no,108430,Lower middle,Lower Middle,
Guinea,GIN,12.79666667,3.839,7.36,5.888,0.62,0.372,2.28,0.684,1.11,,0.54900423,0.164701269,0.220824457,0.092746272,0,0,1.33,0.798,0.73,0.438,0.03,0.027,1.46,0.7008,0.29,0.261,0.14,0.126,0.03752084,0.011256252,0.004256528,0.002553917,27.78652507,13.06055752,,Mitigation,,enhance,null,1.973219986,1.8950448,0.966671229,0.927476648,0.890731804,0.454366466,Rural,Low income,Low,Upper middle,0-1%,245857,0.000113,0.000053,no,no,no,245857,Low,Lower Middle,"[Forestry Amendment Act 2019, https://en.wikipedia.org/wiki/Deforestation_in_Papua_New_Guinea],[Project Assistance Agreement for Environmental Programming, https://www.wbdynamics.com/a-case-for-low-cost-renewable-green-energy-to-power-up-papua-new-guinea-2/]"
Guinea-Bissau,GNB,1.1,0.33,1.36,1.088,0.71,0.426,0.42,0.126,0.32,,0.027955015,0.008386504,0.02871681,0.01206106,,0,0.26,0.156,0.11,0.066,0,0,0.02,0.0096,0,0,0.03,0.027,0.010973237,0.003291971,0,0,11.76892825,4.460278476,,,Mitigation and Adaptation,enhance,null,7.322296989,6.725101858,3.505502593,2.775060138,2.548730557,1.328542194,Rural,Low income,null,Upper middle,0-1%,28000,0.00042,0.000159,no,no,no,28000,Low,Upper Middle,
Guyana,GUY,3.996666667,1.199,3.71,2.968,19.93,11.958,0.16,0.048,-0.02,,0.268282704,0.080484811,0.138078696,0.057993052,0.037985583,0.034187025,0.31,0.186,0,0,0,0,2.91,1.3968,0.58,0.522,0.04,0.036,0.004696371,0.001408911,0.145989024,0.087593415,32.38096466,18.66788075,,,Mitigation and Adaptation,enhance,null,2.392467835,9.114396398,1.89503411,1.379276519,5.254521193,1.092502065,Rural,Upper middle income,Lower middle,High,0-1%,196850,0.000164,0.000095,no,no,no,196850,Middle,High,"[EU Forest Law Enforcement Governance and Trade (EUFLEGT), https://dpi.gov.gy/ministry-of-natural-resources-release-on-guyana-norway-agreement/],[National Forest Plan, https://dpi.gov.gy/ministry-of-natural-resources-release-on-guyana-norway-agreement/],[National Forest Policy 2018, https://dpi.gov.gy/ministry-of-natural-resources-release-on-guyana-norway-agreement/]"
Haiti,HTI,21.48666667,6.446,0.75,0.6,0.03,0.018,1.19,0.357,,,0.341321183,0.102396355,1.239258665,0.520488639,,0,0.13,0.078,0.05,0.03,0.03,0.027,0,0,0,0,0.01,0.009,0.002434029,0.000730209,0.170653777,0.102392266,25.02375521,8.163526564,,,Mitigation and Adaptation,enhance,null,165.8200647,3.184420492,3.124418925,54.09565795,1.03885692,1.019282545,Urban,Low income,Low,High,0-1%,27560,0.000908,0.000296,no,no,no,27560,Low,Lower Middle,
Honduras,HND,57.42,17.226,18.42,14.736,1.33,0.798,1.41,0.423,,,0.73282799,0.219848397,1.913471506,0.803658032,0.40465483,0.364189347,0.02,0.012,0.29,0.174,0.12,0.108,1.09,0.5232,0.66,0.594,0.8,0.72,0.105084376,0.031525313,0.0409077,0.02454462,88.8225672,37.91936306,Adaptation,,,enhance,null,3.146490529,4.523580903,1.855706899,1.343272555,1.93116808,0.792222358,Urban,Lower middle income,Lower middle,High,5-10%,111890,0.000794,0.000339,no,no,no,111890,Lower middle,Lower Middle,"[Master Plan for Municipal Development, https://reliefweb.int/report/honduras/eca-studies-pave-way-combating-flooding-honduras]"
Hungary,HUN,7.516666667,2.255,,0,0,0,0,0,,,5.745427321,1.723628196,8.766004059,3.681721705,0.31454905,0.283094145,0.09,0.054,0.19,0.114,0.53,0.477,0.39,0.1872,0,0,0,0,,0,0.159999487,0.095999692,25.92997637,9.966322342,,,Mitigation and Adaptation,null,update,6.636336437,0.396383641,0.374042357,2.550710697,0.15235213,0.143765141,Urban,High income,High,Lower middle,5-10%,92340,0.000281,0.000108,no,no,yes,92340,Upper middle,Low,"[Danube River Basin District Management Plan, https://biodiversity.europa.eu/countries/hungary/green-infrastructure],[National Forest Strategy 2016-2034, https://biodiversity.europa.eu/countries/hungary/green-infrastructure],[National Landscape Strategy 2017-2026, https://biodiversity.europa.eu/countries/hungary/green-infrastructure]"
Iceland,ISL,0,0,,0,0,0,0,0,,,,0,0,0,0.055624141,0.050061727,0,0,0,0,0,0,9.43,4.5264,1.86,1.674,0,0,,0,0.004825172,0.002895103,11.38562414,6.267261727,,,,null,null,-109.8612856,4.121153852,3.972149241,-60.47357807,2.268505396,2.18648522,Urban,High income,High,Low,5-10%,100250,0.000114,0.000063,yes,no,yes,100250,High,,
India,IND,392.1866667,117.656,32.91,26.328,42.58,25.548,53.88,16.164,0,,92.70200959,27.81060288,152.3718782,63.99618885,89.50878561,80.55790705,69.66,41.796,0.93,0.558,8.58,7.722,1.46,0.7008,0.29,0.261,2.18,1.962,1.000202789,0.300060837,14.48149455,8.688896731,961.400998,420.2755708,,Mitigation,,null,null,-22.70229693,0.405000711,0.39790228,-9.924288428,0.177045692,0.173942619,Rural,Lower middle income,Lower middle,High,5-10%,2973190,0.000323,0.000141,no,no,no,2973190,Middle,Upper Middle,"[Finance Act 2016, https://www.orfonline.org/research/financing-indias-green-transition-60753/],[Indian Forest Policy 2018, https://www.downtoearth.org.in/blog/forests/the-indian-forest-act-s-proposed-amendment-is-dangerous-and-fanciful-64319],[Model Bill for Groundwater 2016, https://prsindia.org/policy/analytical-reports/state-agriculture-india],[National Environmental Policy Act, https://www.indianaffairs.gov/bia/ots/dfwfm/bwfm/fuels-management/treatments],[National Plan for Conservation of Aquatic Ecosystems, https://www.downtoearth.org.in/blog/environment/the-state-of-india-s-urban-wetlands-and-why-they-need-to-be-protected-urgently-78456]"
Indonesia,IDN,223.74,67.122,165.73,132.584,80.25,48.15,27.42,8.226,0.04,,18.23121087,5.469363262,14.34431924,6.024614083,4.934022542,4.440620288,21.56,12.936,0.24,0.144,0.43,0.387,171.62,82.3776,519.52,467.568,34.3,30.87,4.6,1.38,4.198428548,2.519057129,1934.565074,1312.169536,Adaptation,,,null,null,1.359235349,2.831303119,0.918356272,0.92193705,1.920405651,0.622899244,Urban,Lower middle income,Lower middle,High,10-20%,1826440,0.001059,0.000718,no,no,no,1826440,Middle,Upper Middle,
Iran,IRN,6.783333333,2.035,,0,1.07,0.642,0,0,,,6.896457085,2.068937125,26.82204088,11.26525717,2.568943467,2.312049121,0.92,0.552,0.74,0.444,0.23,0.207,0.18,0.0864,0.03,0.027,0,0,0,0,1.287100553,0.772260332,18.18540055,8.027186246,,,Mitigation and Adaptation,null,null,0.813069163,0.027819803,0.026899418,0.358895455,0.012279891,0.011873626,Urban,Upper middle income,Lower middle,Lower middle,5-10%,1636000,0.000011,0.000005,no,no,no,1636000,Low,Upper Middle,
Iraq,IRQ,0,0,,0,0,0,0,0,,,1.314328274,0.394298482,7.61594441,3.198696652,0.368149852,0.331334867,0.08,0.048,0.25,0.15,0.52,0.468,3.2,1.536,32.99,29.691,0,0,,0,0.435969983,0.26158199,39.76247813,33.05543335,,Mitigation,,null,null,-23.54075669,0.184259259,0.182828218,-19.56995516,0.153178825,0.151989168,Urban,Upper middle income,Low,Lower middle,0-1%,432162,0.000092,0.000076,no,no,no,432162,Low,Lower Middle,
Ireland,IRL,66.11,19.833,,0,0.09,0.054,0,0,,,1.131126163,0.339337849,4.843181173,2.034136093,3.2011428,2.88102852,0,0,0.45,0.27,3.32,2.988,5.01,2.4048,0,0,0,0,,0,0.256820776,0.154092465,41.83226896,18.32176637,Adaptation,,,null,update,-11.13906944,0.729952821,0.685060233,-4.878708062,0.319705944,0.300043814,Urban,High income,High,Low,0-1%,68890,0.000607,0.000266,yes,no,yes,68890,High,Low,"[Action Plan on Sustainable Finance, https://iclg.com/practice-areas/environmental-social-and-governance-law/ireland],[Climate Action and Low Carbon Development(Amendment) Bill 2021, http://whitakerinstitute.ie/project/peatlands-and-people/],[Hen Harrier Programme, https://www.cso.ie/en/releasesandpublications/er/esst/environmentalsubsidiesandsimilartransfers2018/],[IPCC Action Plan 2024, http://www.ipcc.ie/a-to-z-peatlands/irelands-peatland-conservation-action-plan/peatland-action-plan/climate-change-and-irish-peatlands/],[National Biodiversity Plan, http://whitakerinstitute.ie/project/peatlands-and-people/]"
Israel,ISR,0.146666667,0.044,,0,0.07,0.042,0,0,,,0.128177743,0.038453323,0.696399421,0.292487757,0.214848524,0.193363671,0,0,0,0,0,0,0.12,0.0576,0,0,0,0,,0,0.102729963,0.061637978,0.653026267,0.367416994,,,,null,null,-17.10306889,0.007796398,0.007792845,-9.62282604,0.004386545,0.004384546,Urban,High income,High,Upper middle,10-20%,20330,0.000032,0.000018,no,no,no,20330,Upper middle,Lower Middle,
Italy,ITA,53.24,15.972,,0,4.2,2.52,0,0,,,6.447984051,1.934395215,20.3613335,8.551760071,3.984746286,3.586271657,0.36,0.216,1.01,0.606,0.73,0.657,0.29,0.1392,0.06,0.054,0,0,,0,0.692291625,0.415374975,80.28273034,31.26366687,,,Mitigation and Adaptation,null,update,-2.334293809,0.188609257,0.174509051,-0.909019707,0.073448137,0.067957241,Urban,High income,High,Upper middle,5-10%,294020,0.000273,0.000106,no,no,yes,294020,Upper middle,Lower Middle,
Jamaica,JAM,5.28,1.584,1.27,1.016,0.02,0.012,0.3,0.09,,,0.120915003,0.036274501,0.214674982,0.090163492,0.039042497,0.035138247,0,0,0,0,0,0,0.07,0.0336,0.04,0.036,0.06,0.054,0.01044625,0.003133875,0,0,7.23040375,2.925346623,,,,enhance,null,9.048286831,0.666675953,0.620926233,3.660843328,0.2697302,0.251220336,Urban,Upper middle income,Upper middle,High,Greater than 20%,10831,0.000668,0.00027,no,no,no,10831,Middle,Lower Middle,"[Fisheries Act of 2018, https://www.tuckermanreef.com/Jamaica.html]"
Japan,JPN,30.87333333,9.262,,0,22.01,13.206,0,0,,,1.428120794,0.428436238,3.976381002,1.670080021,1.416481253,1.274833127,2.65,1.59,0,0,0,0,2.47,1.1856,0,0,0,0,0.000592549,0.000177765,0.787469749,0.472481849,55.3351946,25.97224713,,,,null,update,-0.799967328,0.048236378,0.04549323,-0.375474403,0.022640331,0.021352801,Urban,High income,High,High,5-10%,374744,0.000148,0.000069,yes,yes,no,374744,High,Upper Middle,"[Clean Wood Act, https://www.itto.int/news/seminar_supports_implementation_of_japan_s_clean_wood_act/],[Smart Agriculture Comprehensive Policy Package, https://www.oecd-ilibrary.org/sites/05bd280b-en/index.html?itemId=/content/component/05bd280b-en]"
Jordan,JOR,0,0,,0,0,0,0,0,,,0.037973778,0.011392133,0.551486906,0.2316245,0.161548226,0.145393403,0,0,0,0,0,0,0,0,0,0,0,0,,0,0.048694729,0.029216838,0.199522004,0.156785537,,Mitigation,,null,null,null,0.007368368,0.007368368,null,0.005790106,0.005790106,Urban,Upper middle income,Lower middle,Lower middle,1-5%,91971,0.000002,0.000002,no,no,no,91971,Middle,Lower Middle,
Kazakhstan,KAZ,5.06,1.518,,0,0.75,0.45,0,0,,,6.808595467,2.04257864,70.5426551,29.62791514,0,0,0.16,0.096,9.72,5.832,0.12,0.108,0.01,0.0048,0,0,0,0,,0,5.429834689,3.257900814,25.53859547,10.99277864,,,Mitigation and Adaptation,null,null,178.9328345,0.096022556,0.095971054,77.01946818,0.041331745,0.041309576,Urban,Upper middle income,Upper middle,Lower middle,1-5%,2669800,0.00001,0.000004,yes,no,no,2669800,Lower middle,High,
Kenya,KEN,10.37666667,3.113,12.32,9.856,0.2,0.12,6.13,1.839,-0.02,,2.784076556,0.835222967,4.580802842,1.923937194,0.257438855,0.23169497,0.01,0.006,0.64,0.384,0,0,2.91,1.3968,3.88,3.492,0.03,0.027,0.004745733,0.00142372,1.664664585,0.998798751,46.79626114,24.16814166,,Mitigation,,null,update,-1.406637171,-3.598705765,2.309267743,-0.726464157,-1.858567941,1.192631817,Rural,Lower middle income,Lower middle,High,5-10%,569250,0.000082,0.000042,no,no,no,569250,Lower middle,Lower Middle,"[Climate Change Act 2016, https://thelawreviews.co.uk/title/the-environment-and-climate-change-law-review/kenya],[Community Land Act 2016, https://kwcakenya.com/community-land-act-a-win-for-community-conservancies/],[Environmental Management and Coordination Act 2017, https://www.weforum.org/agenda/2020/11/q-a-reflecting-on-kenyas-single-use-plastic-bag-ban-three-years-on/],[Forest Conservation and Management Act, 2016 (FCM Act, 2016), http://www.kenyaforestservice.org/index.php?option=com_content&view=article&id=530:laws-that-protect-our-forests-the-forest-conservation-and-management-act-2016&catid=81&Itemid=538],[Kenya Climate Smart Agriculture Strategy 2017-2026, https://www.fsdkenya.org/blogs-publications/blog/a-snapshot-of-fsd-kenyas-intended-work-in-green-finance/],[National Climate Action Plan 2018-2022, https://www.fsdkenya.org/blogs-publications/blog/a-snapshot-of-fsd-kenyas-intended-work-in-green-finance/],[Water Act 2016, https://www.pfrkenya.org/review-of-wetlands-regulations/]"
Kuwait,KWT,0,0,,0,0,0,0,0,,,0.003885477,0.001165643,0,0,0.031539248,0.028385323,0,0,0,0,0,0,0,0,0,0,0,0,3.91E-05,1.17E-05,0,0,0.035463821,0.029562695,,Mitigation,,null,null,-1.147358914,0.000192219,0.000192186,-0.95644014,0.000160234,0.000160207,Urban,High income,Lower middle,Low,1-5%,17820,0.000002,0.000002,no,no,no,17820,Middle,,
Kyrgyzstan,KGZ,0.33,0.099,,0,0,0,0,0,,,0.695233271,0.208569981,2.087255682,0.876647387,0,0,0.02,0.012,0.33,0.198,0.01,0.009,0.18,0.0864,0.01,0.009,0,0,,0,0.628723133,0.37723388,1.605233271,0.630969981,,Mitigation,,null,null,0.274783162,0.128502773,0.087556731,0.108009178,0.05051066,0.034415976,Rural,Lower middle income,Upper middle,Low,1-5%,191300,0.000008,0.000003,no,no,no,191300,Low,High,
Laos,LAO,45.35666667,13.607,55.8,44.64,3.16,1.896,1.02,0.306,,,1.265629342,0.379688803,2.329190257,0.978259908,0,0,1.38,0.828,0.05,0.03,0.43,0.387,0.29,0.1392,0.06,0.054,0,0,,0,0,0,76.87562934,52.8730888,,,,enhance,null,4.130070441,7.802472068,2.700577788,2.840556663,5.366340439,1.857388231,Rural,Lower middle income,Lower middle,Upper middle,null,230800,0.000333,0.000229,no,no,no,230800,Lower middle,Upper Middle,"[Forestry Law, https://reliefweb.int/report/lao-peoples-democratic-republic/2019-progress-report-lao-pdr-united-nations-partnership],[Land Law, https://reliefweb.int/report/lao-peoples-democratic-republic/2019-progress-report-lao-pdr-united-nations-partnership]"
Latvia,LVA,9.203333333,2.761,,0,0.91,0.546,0,0,,,1.158029448,0.347408834,3.083055064,1.294883127,0,0,0,0,0,0,0,0,2.65,1.272,0,0,0,0,,0,0.139729369,0.083837621,10.68802945,3.957608834,,,Mitigation and Adaptation,null,update,-1.079202533,-1.50477824,3.815914441,-0.399611687,-0.557195663,1.412972969,Urban,High income,High,Lower middle,10-20%,63589,0.000168,0.000062,yes,no,yes,63589,Upper middle,Low,"[Latvian National Development Plan, https://reef.daba.gov.lv/public/eng/jaunumi/21/]"
Lebanon,LBN,0.806666667,0.242,,0,0.11,0.066,0,0,,,0.068231697,0.020469509,0.285423753,0.119877976,0.04084144,0.036757296,0,0,0,0,0,0,0,0,0,0,0,0,,0,0.163981897,0.098389138,0.219073137,0.123226805,,,,enhance,null,-6.885155741,0.009645777,0.009632283,-3.872842449,0.005425669,0.005418078,Urban,Upper middle income,Lower middle,Upper middle,0-1%,10230,0.000021,0.000012,no,no,no,10230,Low,Lower Middle,
Lesotho,LSO,0,0,0,0,0.04,0.024,0.34,0.102,,,0.033143293,0.009942988,0.295600673,0.124152283,,0,0,0,0.02,0.012,0,0,0.05,0.024,0.03,0.027,0,0,,0,0,0,1.233143293,0.501342988,,,Mitigation and Adaptation,enhance,null,-13.16949148,0.317300029,0.309834998,-5.354148415,0.129000535,0.125965575,Rural,Lower middle income,Low,Lower middle,0-1%,30355,0.000041,0.000017,no,no,no,30355,Middle,Upper Middle,
Liberia,LBR,5.353333333,1.606,20.5,16.4,1.28,0.768,1.1,0.33,,,0.041168458,0.012350538,5.47E-05,2.30E-05,,0,0.13,0.078,0.07,0.042,0,0,0.12,0.0576,0.08,0.072,0.02,0.018,0.003363653,0.001009096,0.018240811,0.010944487,29.31453211,19.56995963,,,Mitigation and Adaptation,enhance,null,2.909762256,16.28585117,2.468686673,1.942515394,10.8721998,1.648059684,Urban,Low income,Low,Upper middle,1-5%,96320,0.000304,0.000203,no,no,no,96320,Low,Lower Middle,"[Land Rights Act 2018, https://www.nyulawglobal.org/globalex/Liberia1.html]"
Libya,LBY,0.146666667,0.044,,0,0,0,0,0,,,0.116245586,0.034873676,1.911950559,0.803019235,0.267966175,0.241169558,0,0,0.03,0.018,1.06,0.954,0.03,0.0144,0.01,0.009,0,0,,0,0.073359034,0.044015421,1.514211761,1.271443233,,,Mitigation and Adaptation,null,null,null,0.011867286,0.011867286,null,0.009964644,0.009964644,Urban,Upper middle income,null,Low,0-1%,1759540,0.000001,0.000001,no,no,no,1759540,Low,Lower Middle,
Lithuania,LTU,8.433333333,2.53,,0,0.53,0.318,0,0,,,2.316598284,0.694979485,4.847816808,2.036083059,0,0,0,0,0.01,0.006,0.03,0.027,3.67,1.7616,0.9,0.81,0,0,,0,1.002499676,0.601499806,7.696598284,3.690779485,,,,null,update,8.586468673,0.374248878,0.358618185,4.117502468,0.179465009,0.171969563,Urban,High income,High,Lower middle,5-10%,65200,0.000118,0.000057,no,no,yes,65200,High,Low,
Luxembourg,LUX,0,0,,0,0.03,0.018,0,0,,,,0,0.158640459,0.066628993,,0,0,0,0,0,0,0,0,0,0,0,0,0,,0,0.004642319,0.002785391,0.28,0.123,,,,null,update,null,0.023406034,0.023406034,null,0.010281936,0.010281936,Urban,High income,High,Low,10-20%,2586,0.000108,0.000048,no,no,yes,2586,High,Low,
Madagascar,MDG,17.45333333,5.236,69.7,55.76,8.61,5.166,3.15,0.945,,,0.714296319,0.214288896,0.747602584,0.313993085,0,0,2.77,1.662,1.78,1.068,0,0,1.78,0.8544,0.94,0.846,0.17,0.153,0.049322525,0.014796757,0,0,95.35361884,68.73968565,,,,enhance,null,3.400187394,3.75973119,1.785465916,2.45116877,2.710361109,1.287128557,Rural,Low income,Low,High,1-5%,581540,0.000164,0.000118,no,no,no,581540,Lower middle,Lower Middle,"[National Plan for Sustainable Development (PND), https://sos-group.org/2021/05/21/project-focus-diabe-madagascar-by-planete-urgence/]"
Malawi,MWI,0.586666667,0.176,3.15,2.52,1.05,0.63,1.33,0.399,0.1,,1.364787956,0.409436387,2.166893385,0.910095222,0.31126744,0.280140696,0.05,0.03,0.06,0.036,0,0,0.87,0.4176,0.18,0.162,0,0,,0,0,0,10.7360554,5.715177083,,,,enhance,null,1.801076855,1.279902562,0.74820457,0.958776085,0.681336815,0.398295413,Rural,Low income,Low,Upper middle,10-20%,94080,0.000114,0.000061,no,no,no,94080,Lower middle,Upper Middle,
Malaysia,MYS,1.87,0.561,171.48,137.184,19.14,11.484,0.9,0.27,,,0.182367999,0.0547104,2.038219423,0.856052158,2.025327266,1.82279454,1.1,0.66,0,0,0.36,0.324,34.93,16.7664,57.01,51.309,17.94,16.146,0.856095224,0.256828567,0.012890258,0.007734155,330.0237905,243.6733335,,,Mitigation and Adaptation,null,null,-10.99412991,1.562794271,1.368293938,-8.117524738,1.153890418,1.010280939,Urban,Upper middle income,Upper middle,High,1-5%,328550,0.001004,0.000742,no,no,no,328550,Upper middle,Lower Middle,
Mali,MLI,0,0,0.05,0.04,0.7,0.42,0.86,0.258,0.32,,2.578635809,0.773590743,12.91888641,5.425932291,0,0,1.05,0.63,0.9,0.54,0.78,0.702,0.15,0.072,0.03,0.027,0,0,,0,1.880300139,1.128180084,8.948635809,4.105190743,,Mitigation,,enhance,null,1.202920615,0.335852448,0.262549328,0.551840378,0.154072463,0.120444623,Rural,Low income,Low,Lower middle,1-5%,1220000,0.000007,0.000003,no,no,no,1220000,Low,Upper Middle,
Martinique,MTQ,0,0,,0,0,0,,0,,,,0,0,0,,0,0,0,0,0,,0,0,0,0,0,0,0,,0,0,0,0,0,,,Mitigation and Adaptation,null,null,null,null,null,null,null,null,null,null,null,Low,null,-99999,0,0,no,no,no,1129,High,,
Mauritania,MRT,0,0,,0,0.14,0.084,0.28,0.084,,,0.06476125,0.019428375,0.117264231,0.049250977,,0,0.05,0.03,0.51,0.306,1.46,1.314,0.09,0.0432,0.03,0.027,0,0,0,0,0.070765127,0.042459076,4.72476125,2.789628375,,,Mitigation and Adaptation,enhance,null,-39.07697274,0.482163222,0.476286416,-23.07211438,0.284682365,0.281212538,Urban,Lower middle income,Low,Low,1-5%,1030400,0.000005,0.000003,no,no,no,1030400,Low,,
Mauritius,MUS,0,0,,0,0.01,0.006,0,0,,,,0,0,0,,0,0,0,0,0,0,0,0,0,0,0,0,0,0.000938308,0.000281492,0,0,0.010938308,0.006281492,,,,enhance,null,0.445634756,0.002111642,0.002101684,0.255912649,0.001212643,0.001206924,Rural,Upper middle income,Lower middle,Low,5-10%,2030,0.000005,0.000003,no,no,no,2030,Upper middle,Upper Middle,"[Climate Bill No. XIV of 2020, https://mauritiuscoastalzones.blog/2020/11/09/comments-on-climate-bill-no-xiv-of-2020/]"
Mexico,MEX,450.8166667,135.245,64.22,51.376,0,0,4.8,1.44,0,,21.85201284,6.555603851,25.64572404,10.7712041,3.94996838,3.554971542,0.26,0.156,5.23,3.138,1.09,0.981,2.91,1.3968,0.58,0.522,2.33,2.097,0.551913809,0.165574143,1.178885097,0.707331058,781.843895,276.0639495,Adaptation,,,enhance,null,64.44090248,1.094849393,1.076558686,22.75365986,0.386584137,0.380125809,Urban,Upper middle income,Lower middle,High,5-10%,1923040,0.000407,0.000144,yes,no,no,1923040,Middle,Upper Middle,"[Federal Environmental Liability Law, https://iclg.com/practice-areas/environmental-social-and-governance-law/mexico],[General Law on Climate Change, https://iclg.com/practice-areas/environmental-social-and-governance-law/mexico],[General Law on Sustainable Forest Development, https://news.mongabay.com/2020/07/guardians-of-mexicos-community-forests-confront-climate-change/],[RESTORE Act, https://www.fisheries.noaa.gov/content/gulf-mexico-coast-conservation-corps-funding-program]"
Moldova,MDA,2.31,0.693,,0,0.08,0.048,0,0,,,0.888997843,0.266699353,3.460748766,1.453514482,0,0,0,0,0.1,0.06,0.31,0.279,0.01,0.0048,0,0,0,0,,0,0.206206727,0.123724036,8.458997843,3.416699353,,,,null,null,-8.95562813,0.837373797,0.765772169,-3.617294791,0.338226178,0.309305348,Rural,Lower middle income,High,Lower middle,null,33371,0.000253,0.000102,no,no,no,33371,Lower middle,Low,
Mongolia,MNG,6.673333333,2.002,,0,1.35,0.81,0,0,,,0.084185904,0.025255771,1.09618493,0.46039767,0.056158446,0.050542601,0,0,3.85,2.31,0.7,0.63,20.22,9.7056,17.58,15.822,0,0,,0,2.133343536,1.280006122,51.05034435,31.57879837,,,Mitigation and Adaptation,enhance,null,1.931530244,1.607424611,0.877318129,1.194808868,0.99432312,0.54269276,Urban,Lower middle income,Lower middle,Lower middle,10-20%,1564116,0.000033,0.00002,no,no,no,1564116,Middle,High,
Montenegro,MNE,4.62,1.386,,0,0.81,0.486,0,0,,,0.002689083,0.000806725,0.224427728,0.094259646,0.006081231,0.005473108,0,0,0.08,0.048,0,0,0.31,0.1488,0.14,0.126,0,0,,0,0,0,4.268770315,1.746279833,Adaptation,,,enhance,null,-0.543477702,-0.334240702,-0.868165612,-0.222327294,-0.136732069,-0.355151481,Urban,Upper middle income,Upper middle,Low,null,13812,0.000309,0.000126,no,no,no,13812,Middle,Upper Middle,
Morocco,MAR,4.693333333,1.408,,0,4.14,2.484,0,0,,,4.52938557,1.358815671,10.67139264,4.481984907,0.281013119,0.252911807,0.02,0.012,0.46,0.276,2.51,2.259,0.02,0.0096,0,0,0,0,0,0,1.329902368,0.797941421,28.60039869,13.26192748,,,Mitigation and Adaptation,enhance,null,-14.79099133,0.424802368,0.412942516,-6.858542655,0.196979708,0.191480327,Urban,Lower middle income,Upper middle,Lower middle,0-1%,446300,0.000064,0.00003,no,no,no,446300,Middle,Upper Middle,"[National Plan for the Protection against Floods, https://www.climate-expert.org/en/home/business-adaptation/morocco/]"
Mozambique,MOZ,0.44,0.132,56.23,44.984,24.22,14.532,3.52,1.056,3.34,,0.796669625,0.239000887,1.625388169,0.682663031,0,0,0.11,0.066,0.79,0.474,0,0,2.33,1.1184,0.76,0.684,0.2,0.18,0.047729129,0.014318739,0,0,95.98439875,64.72771963,,,,enhance,null,2.702678509,3.881864724,1.593342468,1.822569282,2.617761373,1.074481123,Rural,Low income,Low,Upper middle,5-10%,784090,0.000122,0.000083,no,no,no,784090,Low,Upper Middle,
Myanmar,MMR,226.0133333,67.804,65.46,52.368,28.89,17.334,6.24,1.872,,,3.634007791,1.090202337,15.59375895,6.549378758,0,0,13.03,7.818,0.2,0.12,1.59,1.431,2.91,1.3968,0.58,0.522,18.4,16.56,3.335189236,1.000556771,0.590594144,0.354356486,396.369197,179.2245591,,,Mitigation and Adaptation,enhance,null,4.215470528,4.296939131,2.12790749,1.906091221,1.94292853,0.962166799,Rural,Lower middle income,Lower middle,Upper middle,0-1%,657740,0.000603,0.000272,no,no,no,657740,Low,Upper Middle,"[Biodiversity Conservation and Protected Area Law (2018), https://www.eaaflyway.net/community-conservation-area-proposed-for-conserving-baers-pochard-in-myanmar/],[Conservation of Biodiversity and Protected Area Law (2018), https://www.myanmartradeportal.gov.mm/en/legal/195],[Forest Law Enforcement Governance and Trade (FLEGT), https://www.international-alert.org/projects/conflict-sensitive-forest-governance-myanmar],[National Land Use Policy, https://opendevelopmentmyanmar.net/en/topics/land/],[The Forest Law (2018), https://opendevelopmentmyanmar.net/en/topics/forest-policy-and-administration/]"
Namibia,NAM,0,0,0.03,0.024,1.93,1.158,0.08,0.024,,,0.045380965,0.013614289,1.111986397,0.467034287,0.017008788,0.015307909,0,0,0.95,0.57,0.57,0.513,0.03,0.0144,0.01,0.009,0,0,,0,0,0,4.142389753,2.542922198,,,Mitigation and Adaptation,enhance,null,0.452450474,0.363049058,0.201424663,0.277749421,0.222867853,0.123650182,Urban,Upper middle income,Lower middle,Upper middle,10-20%,825418,0.000005,0.000003,no,no,no,825418,Upper middle,High,"[Environmental Investment Fund (EIF), http://eosd.org/en/gsfn/eif_namibia.html]"
Nepal,NPL,18.18666667,5.456,1.02,0.816,2.44,1.464,5.23,1.569,0,,2.401934571,0.720580371,2.520662605,1.058678294,0,0,2.37,1.422,0.43,0.258,0.11,0.099,0.02,0.0096,0,0,0,0,,0,0.186279014,0.111767408,24.38193457,9.820180371,,,Mitigation and Adaptation,enhance,null,2.243235867,0.7610922,0.568283251,0.903496019,0.306541003,0.228884382,Rural,Low income,Lower middle,Upper middle,5-10%,143181,0.00017,0.000069,no,no,no,143181,Lower middle,Upper Middle,"[Climate Change Policy of 2019, https://wrm.org.uy/articles-from-the-wrm-bulletin/section1/nepal-a-false-solution-for-the-conservation-of-chure-region-and-its-impacts-for-forest-peoples/],[Forest Act of 2019, https://wrm.org.uy/articles-from-the-wrm-bulletin/section1/nepal-a-false-solution-for-the-conservation-of-chure-region-and-its-impacts-for-forest-peoples/],[National Agroforestry Policy of Nepal, https://www.worldagroforestry.org/blog/2020/08/27/which-tree-where-nepal-mapping-national-agroforestry-policy]"
Netherlands,NLD,6.636666667,1.991,,0,0.12,0.072,0,0,,,0.709165429,0.212749629,2.559013533,1.074785684,2.420589858,2.178530872,0,0,0.17,0.102,1.01,0.909,3.08,1.4784,0,0,0,0,,0,0.04695904,0.028175424,14.41975529,7.5104805,,,Mitigation and Adaptation,null,update,10.65260632,0.074216997,0.073703503,5.548373775,0.03865567,0.038388219,Urban,High income,High,Lower middle,10-20%,33883,0.000426,0.000222,yes,no,yes,33883,High,Low,
New Caledonia,NCL,0,0,,0,0,0,,0,,,0.002556272,0.000766882,0,0,0.004133346,0.003720011,0,0,0,0,,0,0,0,0,0,0.05,0.045,,0,0,0,0.136689618,0.083086893,,,Mitigation and Adaptation,null,null,null,null,null,null,null,null,Urban,High income,null,Low,null,18575,0.000007,0.000004,no,no,no,18575,,,
New Zealand,NZL,26.58333333,7.975,,0,0.05,0.03,0,0,,,0.490253479,0.147076044,8.987530743,3.774762912,3.010068721,2.709061849,0,0,0.91,0.546,2.31,2.079,1.81,0.8688,0,0,0.07,0.063,0.025201939,0.007560582,0.086281366,0.05176882,33.14552414,14.01949847,,,,null,update,-2.12496075,0.74678075,0.55258448,-0.898790554,0.315864415,0.233725593,Urban,High income,High,Upper middle,Greater than 20%,268021,0.000124,0.000052,yes,no,no,268021,High,Upper Middle,"[Mangrove Management Plan, https://www.forestandbird.org.nz/update-mangrove-management-bill],[National Environmental Standards for Plantation Forestry Regulations (NES-PF or Regulations), https://www.mondaq.com/newzealand/land-law-agriculture/618380/national-environmental-standards-for-plantation-forestry-in-new-zealand],[National Policy Statement for Freshwater Management, https://www.orc.govt.nz/managing-our-environment/water/new-water-rules],[New Zealand Coastal Policy Statement, https://www.forestandbird.org.nz/update-mangrove-management-bill],[Zero Carbon Bill, https://www.stuff.co.nz/environment/103356999/we-owe-it-to-the-environment-to-get-better-at-reporting-on-it]"
Nicaragua,NIC,77,23.1,31.71,25.368,0.75,0.45,0.6,0.18,,,0.71289351,0.213868053,2.703887669,1.135632821,0.219796423,0.197816781,0.22,0.132,0.37,0.222,0.08,0.072,0.29,0.1392,0.06,0.054,0.35,0.315,0.042880781,0.012864234,0.067695876,0.040617526,86.13557071,42.80494907,,,,enhance,null,4.663309764,6.268134942,2.673960823,2.317425139,3.114940723,1.328821019,Urban,Lower middle income,Upper middle,Upper middle,10-20%,120254,0.000716,0.000356,no,no,no,120254,Lower middle,Lower Middle,
Niger,NER,0,0,0,0,0.96,0.576,0.96,0.288,-0.01,,2.335339906,0.700601972,9.572708155,4.020537425,0,0,0.07,0.042,0.66,0.396,1.9,1.71,0.03,0.0144,0.07,0.063,0,0,,0,0.044332825,0.026599695,25.91533991,11.74480197,,,,enhance,null,16.4970335,1.119892905,1.048702273,7.47643644,0.507534165,0.475270653,Rural,Low income,Low,Lower middle,5-10%,1266700,0.00002,0.000009,no,no,no,1266700,Lower middle,,
Nigeria,NGA,112.64,33.792,9.72,7.776,1.9,1.14,10.07,3.021,2.77,,8.452842948,2.535852884,31.25467952,13.1269654,0,0,3.93,2.358,1.3,0.78,0,0,0.87,0.4176,0.71,0.639,0.24,0.216,0.056267215,0.016880164,7.752594954,4.651556973,159.5891102,58.58613305,,,,enhance,null,0.89027518,0.558764057,0.343299035,0.326825434,0.205125684,0.126027164,Urban,Lower middle income,Low,Upper middle,1-5%,910768,0.000175,0.000064,no,no,no,910768,Low,Upper Middle,
North Macedonia,MKD,6.086666667,1.826,,0,0.31,0.186,0,0,,,0.18285176,0.054855528,1.13,0.4746,0.06766867,0.060901803,0,0,0.16,0.096,0,0,0.03,0.0144,0,0,0,0,,0,0.201607408,0.120964445,5.93052043,2.101757331,,,Mitigation and Adaptation,enhance,null,null,null,null,null,null,null,Urban,Upper middle income,Upper middle,Low,5-10%,24856,0.000239,0.000085,no,no,no,24856,Middle,Upper Middle,
Norway,NOR,0.036666667,0.011,,0,4.38,2.628,0,0,,,0.583655413,0.175096624,0.419119846,0.176030335,0.993477419,0.894129677,0,0,0,0,0.23,0.207,2.88,1.3824,2.56,2.304,0,0,,0,0.05567765,0.03340659,12.48713283,7.923026301,Adaptation,,,null,null,-0.563984649,3.228165949,0.48010647,-0.357845573,2.048255918,0.304625268,Urban,High income,High,Low,Greater than 20%,307442,0.000041,0.000026,yes,no,yes,307442,High,Upper Middle,
Oman,OMN,0,0,,0,0,0,0,0,,,0.008730112,0.002619034,0.067229822,0.028236525,0.047149037,0.042434133,0,0,0.04,0.024,0.51,0.459,0,0,0,0,0,0,0,0,0,0,0.70587915,0.570053167,,,,null,null,null,0.008408692,0.008408692,null,0.006790683,0.006790683,Urban,High income,Lower middle,Lower middle,10-20%,212460,0.000003,0.000003,no,no,no,212460,Upper middle,,
Pakistan,PAK,2.383333333,0.715,0.17,0.136,1.23,0.738,10.37,3.111,,,18.75052078,5.625156233,1.112938525,0.467434181,11.63653884,10.47288496,3.85,2.31,1.01,0.606,0.07,0.063,0.03,0.0144,0.01,0.009,0,0,0.010179577,0.003053873,3.498235169,2.098941102,50.74723919,24.40789506,,,,enhance,null,2.102601345,0.168349387,0.155869364,1.01128798,0.080970989,0.074968474,Rural,Lower middle income,Low,Lower middle,1-5%,778720,0.000065,0.000031,no,no,no,778720,Low,Upper Middle,"[National Water Policy 2018, https://www.rural21.com/english/current-issue/detail/article/on-the-way-towards-water-stewardship-experience-from-pakistan.html],[Protected Areas Initiative, https://www.linkedin.com/pulse/how-pakistan-can-build-back-better-its-own-green-new-arif-herekar]"
Panama,PAN,48.54666667,14.564,9.76,7.808,3.75,2.25,0.19,0.057,,,0.258850732,0.077655219,1.305667132,0.548380195,0.103571418,0.093214276,0.18,0.108,0.09,0.054,0.03,0.027,0.29,0.1392,0.06,0.054,0.31,0.279,0.035508084,0.010652425,0,0,45.87793023,20.35612192,,Mitigation,,enhance,null,5.275530343,3.123265457,1.961814774,2.340762504,1.385798621,0.870460819,Urban,High income,Lower middle,High,Greater than 20%,75990,0.000604,0.000268,no,no,no,75990,Middle,Upper Middle,
Papua New Guinea,PNG,8.543333333,2.563,26.85,21.48,13.81,8.286,1.05,0.315,0.07,,0.026629215,0.007988764,0.16354696,0.068689723,0,0,0,0,0,0,0.5,0.45,14.55,6.984,27.22,24.498,1.35,1.215,0.156252246,0.046875674,0.438488918,0.263093351,96.87288146,66.76466444,,Mitigation,,enhance,null,1.67250278,6.375885216,1.324946778,1.15268675,4.394251833,0.913151604,Rural,Lower middle income,null,High,1-5%,452860,0.000214,0.000147,no,no,no,452860,Lower middle,High,"[Medium-Term Development Plan III, http://www.fao.org/papua-new-guinea/fao-in-papua-new-guinea/en/],[The PNG Policy on Protected Areas, https://sdg.iisd.org/commentary/policy-briefs/papua-new-guinea-works-to-improve-management-of-protected-areas/]"
Paraguay,PRY,111.1,33.33,66.33,53.064,0,0,2.07,0.621,0.48,,3.617388072,1.085216422,7.862284477,3.30215948,0,0,0.07,0.042,1.01,0.606,0,0,0.06,0.0288,0.01,0.009,0,0,,0,1.803785475,1.082271285,239.9373881,105.9910164,,Mitigation,,null,null,1.927954059,7.25344565,1.52311308,0.851663061,3.204169568,0.672826793,Urban,Upper middle income,Upper middle,Upper middle,1-5%,397300,0.000604,0.000267,no,no,no,397300,Lower middle,Upper Middle,
Peru,PER,37.87666667,11.363,66.03,52.824,45.61,27.366,1.2,0.36,,,2.121496097,0.636448829,0.954216117,0.400770769,0.961798432,0.865618589,0.62,0.372,0.86,0.516,1.43,1.287,0.29,0.1392,0.06,0.054,0,0,0.001090713,0.000327214,0.034051856,0.020431114,155.9843852,95.65979463,Adaptation,,,enhance,null,2.347073713,2.045574914,1.092988653,1.439378621,1.254479901,0.670291901,Urban,Upper middle income,Upper middle,High,5-10%,1280000,0.000122,0.000075,no,no,no,1280000,Middle,High,"[National Action Plan on Peatlands, https://www.international-climate-initiative.com/en/news/article/climate_change_and_biodiversity_conservation_policies_in_peru]"
Philippines,PHL,153.45,46.035,22.04,17.632,6.47,3.882,3.29,0.987,,,7.071731151,2.121519345,5.398339002,2.267302381,0.628928312,0.566035481,7.08,4.248,0.09,0.054,0.74,0.666,0.23,0.1104,0.05,0.045,2.03,1.827,0.257385832,0.07721575,0.026360722,0.015816433,320.0080453,114.1119706,Adaptation,,,null,null,-49.61365043,2.275340645,2.17556659,-17.69177838,0.811365866,0.775787341,Rural,Lower middle income,Lower middle,High,5-10%,298170,0.001073,0.000383,no,no,no,298170,Lower middle,Upper Middle,"[Advanced Energy and Green Building Technologies Curriculum, https://www.pna.gov.ph/articles/1078951],[Balanga Wetland and Nature Park Responsible Ecotourism Act, http://legacy.senate.gov.ph/press_release/2019/0820_villar1.asp],[Farm Tourism Development Act of 2016, https://feed.org.ph/directory-of-environmental-education-institutions-in-the-philippines/philippine-environmental-legislation/]"
Poland,POL,26.10666667,7.832,,0,0,0,0,0,,,10.06119367,3.0183581,23.14066933,9.719081118,4.908618107,4.417756297,0,0,1.24,0.744,5.7,5.13,13.66,6.5568,1.11,0.999,0,0,,0,0.586802225,0.352081335,54.98981177,26.3589144,Adaptation,,,null,update,-0.882841861,0.224737577,0.179136352,-0.423182991,0.107726111,0.085867538,Urban,High income,High,Lower middle,10-20%,304465,0.000181,0.000087,yes,no,yes,304465,Upper middle,Low,"[National Urban Policy 2023, https://www.funduszeeuropejskie.gov.pl/media/74967/Krajowa_Polityka_Miejska_2023.pdf]"
Portugal,PRT,31.05666667,9.317,,0,2.35,1.41,0,0,,,0.405055764,0.121516729,5.873918973,2.467045969,1.133163464,1.019847118,0.14,0.084,0.36,0.216,0.16,0.144,0.04,0.0192,0,0,0,0,,0,0.203815193,0.122289116,27.54821923,10.60696385,,,,null,update,15.40571487,0.39050814,0.380854148,5.931703219,0.150358384,0.146641282,Urban,High income,High,Upper middle,5-10%,91951,0.0003,0.000115,yes,no,yes,91951,High,Low,"[National Road Map for Carbon Neutrality (RNC 2050), https://thelawreviews.co.uk/title/the-environment-and-climate-change-law-review/portugal]"
Puerto Rico,PRI,0,0,,0,0,0,,0,,,,0,0.254378461,0.106838954,,0,0,0,0,0,,0,0.06,0.0288,0.01,0.009,0.01,0.009,0.49823728,0.149471184,0.010292584,0.006175551,0.69823728,0.246671184,,,,null,null,null,null,null,null,null,null,Urban,High income,null,Low,null,8870,0.000079,0.000028,no,no,no,8870,Upper middle,,
Qatar,QAT,0,0,,0,0,0,0,0,,,0.000714718,0.000214416,0,0,0.049051753,0.044146577,0,0,0,0,0,0,0,0,0,0,0,0,0,0,0,0,0.049766471,0.044360993,,,,null,null,null,0.000779018,0.000779018,null,0.000694403,0.000694403,Urban,High income,Lower middle,Low,0-1%,11437,0.000004,0.000004,no,no,no,11437,Upper middle,,"[Integrated Environmental Sustainability Action Plan, http://www.qu.edu.qa/research/cld/research/research-grants],[National Development Strategy, http://www.qu.edu.qa/research/cld/research/research-grants],[Second National Development Strategy, https://thelawreviews.co.uk/title/the-projects-and-construction-review/qatar]"
Republic of Congo,COG,73.99333333,22.198,13.46,10.768,25.67,15.402,0.52,0.156,0.45,,,0,0.006676796,0.002804254,0,0,0,0,0.11,0.066,0,0,0.03,0.0144,0.01,0.009,0,0,0.002473653,0.000742096,0.052399172,0.031439503,89.82247365,41.3039421,Adaptation,,,null,null,null,null,null,null,null,null,Urban,Lower middle income,Low,Upper middle,1-5%,341500,0.000263,0.000121,no,no,no,341500,Low,High,
Republic of Korea (South Korea),KOR,2.786666667,0.836,,0,1.58,0.948,0,0,,,0.585499611,0.175649883,1.765096248,0.741340424,0.881511524,0.793360372,1.47,0.882,0,0,0,0,0.01,0.0048,0,0,0,0,,0,0.085788413,0.051473048,5.937011135,3.226810255,,,Mitigation and Adaptation,null,update,-0.134139429,0.011327246,0.010445212,-0.07290579,0.006156443,0.005677051,Urban,High income,High,Low,5-10%,98190,0.00006,0.000033,yes,no,no,98190,Upper middle,Upper Middle,"[Environmental Impact Assessment Act, https://thelawreviews.co.uk/title/the-environment-and-climate-change-law-review/south-korea],[Framework Act on Environmental Policy, https://thelawreviews.co.uk/title/the-environment-and-climate-change-law-review/south-korea],[Framework Act on Low Carbon, Green Growth, https://thelawreviews.co.uk/title/the-environment-and-climate-change-law-review/south-korea]"
Reunion,REU,0,0,,0,0.04,0.024,,0,,,,0,0,0,,0,0,0,0,0,,0,0.06,0.0288,0.01,0.009,0,0,,0,0,0,0.11,0.0618,,,,null,null,null,null,null,null,null,null,null,null,null,Low,null,-99999,,,no,no,no,2512,High,,
Romania,ROU,25.00666667,7.502,,0,2.72,1.632,0,0,,,7.84116869,2.352350607,16.52238714,6.9394026,0.382755431,0.344479888,0.02,0.012,1.27,0.762,0.52,0.468,0.56,0.2688,0.11,0.099,0,0,,0,0.713923946,0.428354368,53.97392412,20.82763049,,,,null,update,-0.885808527,18.80029023,0.845950109,-0.341818628,7.254716132,0.326437934,Urban,Upper middle income,High,,1-5%,230340,0.000234,0.00009,no,no,yes,230340,Upper middle,Upper Middle,
Russia,RUS,298.9433333,89.683,,0,245.05,147.03,0,0,,,39.45362531,11.83608759,191.5769423,80.46231575,0,0,0.33,0.198,0.78,0.468,6.14,5.526,89,42.72,2.07,1.863,0,0,,0,52.99350135,31.79610081,1001.643625,441.0310876,,,,null,null,-14.75471025,0.492826818,0.476897801,-6.496607919,0.216995288,0.209981625,Urban,Upper middle income,Upper middle,Lower middle,5-10%,16995800,0.000059,0.000026,no,no,no,16995800,Lower middle,High,"[Comprehensive Plan for Implementation of the Climate Doctrine, https://www.climate-laws.org/geographies/russia/policies/climate-doctrine-of-the-russian-federation],[Federal Law 'On Protection of Atmospheric Air', https://thelawreviews.co.uk/title/the-environment-and-climate-change-law-review/russia],[Federal Law 'On Specially Protected Natural Territories', https://thelawreviews.co.uk/title/the-environment-and-climate-change-law-review/russia],[Forest Code of the Russian Federation, http://jfsi.ru/en/concept_of_the_forest_code_rf/]"
Rwanda,RWA,0,0,0.5,0.4,0.1,0.06,1.14,0.342,0.01,,0.319032635,0.09570979,0.127160868,0.053407565,0,0,0.01,0.006,0.01,0.006,0,0,0.6,0.288,0.71,0.639,0,0,,0,0.167528028,0.100516817,3.529032635,1.89130979,,Mitigation,,enhance,null,-2.154237457,1.334457167,0.824015262,-1.15451763,0.715173864,0.441613409,Rural,Low income,Lower middle,High,10-20%,24948,0.000141,0.000076,no,no,no,24948,Middle,Lower Middle,"[Strategic Plan for Agricultural Transformation, https://treesonfarmsforbiodiversity.com/rwanda/]"
Samoa,WSM,0,0,,0,0.07,0.042,0,0,,,,0,0,0,,0,0,0,0,0,0,0,0,0,0,0,0,0,0.002854135,0.000856241,0,0,0.072854135,0.042856241,,,Mitigation and Adaptation,enhance,null,-0.276343271,-0.910676689,0.396730439,-0.162558154,-0.535703007,0.233375567,Rural,Upper middle income,null,Low,0-1%,,,,no,no,no,2841,Upper middle,,
Sao Tome and Principe,STP,0,0,0,0,0,0,,0,,,,0,0,0,,0,0,0,0,0,0,0,0,0,0,0,0,0,,0,0,0,0,0,,,,enhance,null,0,0,0,0,0,0,Urban,Lower middle income,null,Low,0-1%,1001,0,0,no,no,no,1001,Middle,Upper Middle,
Saudi Arabia,SAU,0,0,,0,1.18,0.708,0,0,,,0.361225823,0.108367747,0.035759116,0.015018829,0.821608906,0.739448015,0,0,0.15,0.09,2.33,2.097,0,0,0,0,0,0,0,0,0,0,5.082834729,3.843615762,,,Mitigation and Adaptation,null,null,null,0.011269757,0.011269757,null,0.008522138,0.008522138,Urban,High income,Lower middle,Low,Greater than 20%,2149690,0.000002,0.000002,no,no,no,2149690,Middle,,
Senegal,SEN,0,0,0.04,0.032,7.62,4.572,1.39,0.417,-0.52,,0.642795414,0.192838624,4.720980075,1.982811631,0.025952417,0.023357175,0.12,0.072,0.14,0.084,0,0,0.02,0.0096,0.02,0.018,0.01,0.009,0.003726565,0.00111797,0.759563373,0.455738024,9.912474397,5.550913769,Adaptation,,,enhance,null,1.585304134,0.430398746,0.338498753,0.887758817,0.241020176,0.189556847,Rural,Low income,Lower middle,Lower middle,10-20%,192000,0.000052,0.000029,no,no,no,192000,Middle,Upper Middle,
Serbia,SRB,15.18,4.554,,0,0.69,0.414,0,0,,,3.494090455,1.048227137,5.292671712,2.222922119,1.214076385,1.092668747,0,0,0.42,0.252,0.02,0.018,0.31,0.1488,0.14,0.126,0,0,,0,0.12852146,0.077112876,22.75816684,8.817095883,,,Mitigation and Adaptation,enhance,null,-0.738618108,47.59312457,0.727330356,-0.286159545,18.43879367,0.281786382,Urban,Upper middle income,High,,null,88361,0.000258,0.0001,no,no,no,88361,Middle,Lower Middle,
Sierra Leone,SLE,1.723333333,0.517,8.71,6.968,0.27,0.162,0.89,0.267,0.48,,0.106740265,0.032022079,0.000359453,0.00015097,,0,0.81,0.486,0.33,0.198,0,0,0.12,0.0576,0.08,0.072,0.02,0.018,0.004888867,0.00146666,0.051169154,0.030701492,17.32162913,9.91208874,,,,enhance,null,2.938586065,3.166133607,1.524059514,1.68156965,1.811780926,0.872124269,Rural,Low income,Low,Upper middle,1-5%,71620,0.000242,0.000138,no,no,no,71620,Lower middle,Low,
Slovakia,SVK,3.996666667,1.199,,0,0.28,0.168,0,0,,,1.51063137,0.453189411,2.889371467,1.213536016,0.223829366,0.20144643,0,0,0.2,0.12,0,0,0.15,0.072,0,0,0,0,,0,0.21548987,0.129293922,8.714460737,3.328835841,,,Mitigation and Adaptation,null,update,-1.35394164,0.29079926,0.239384347,-0.517192009,0.111082375,0.091442399,Urban,High income,High,Low,Greater than 20%,48800,0.000179,0.000068,no,no,yes,48800,Upper middle,Lower Middle,
Slovenia,SVN,2.896666667,0.869,,0,0,0,0,0,,,0.254310697,0.076293209,0.721537507,0.303045753,0.130189992,0.117170992,0,0,0.15,0.09,0.08,0.072,0.09,0.0432,0.01,0.009,0,0,,0,0.035600197,0.021360118,3.094500689,1.226064202,,,,null,null,-0.400653338,0.879801178,0.275289184,-0.158741834,0.348583774,0.109071623,Urban,High income,High,Upper middle,5-10%,20151,0.000154,0.000061,yes,no,yes,20151,High,Lower Middle,
Solomon Islands,SLB,0.036666667,0.011,2.49,1.992,0.42,0.252,0.02,0.006,,,0.000158712,4.76E-05,1.04E-05,4.37E-06,,0,0,0,0,0,0,0,0.01,0.0048,0,0,0.15,0.135,0.018366,0.0055098,0,0,3.408524711,2.485357413,,,,enhance,null,1.937662627,6.589415084,1.497355105,1.412864679,4.804733137,1.091810365,Rural,Lower middle income,null,Upper middle,0-1%,27540,0.000124,0.00009,no,no,no,27540,Middle,Upper Middle,
Somalia,SOM,4.51,1.353,0.07,0.056,7.67,4.602,1.88,0.564,0,,0.140153954,0.042046186,1.922858415,0.807600534,,0,0,0,0.24,0.144,0,0,0.15,0.072,0.03,0.027,0,0,0,0,0.099636041,0.059781625,22.93015395,9.915246186,,,,enhance,null,1.52867693,0.994173243,0.602401886,0.661016412,0.429891246,0.26048508,Rural,Low income,null,Upper middle,0-1%,627337,0.000037,0.000016,no,no,no,627337,Low,Upper Middle,"[Environmental Management Law No. 79/2018, http://www.somalilandlaw.com/environmental_laws.html]"
South Africa,ZAF,6.966666667,2.09,68.31,54.648,8.31,4.986,6.46,1.938,0.18,,6.912365699,2.07370971,6.218163057,2.611628484,3.11382466,2.802442194,0,0,1.78,1.068,0.08,0.072,0.21,0.1008,0.16,0.144,0.01,0.009,0.001530976,0.000459293,0.527659698,0.316595819,109.0077213,72.8896112,,,Mitigation and Adaptation,enhance,null,55.18108305,0.225801914,0.224881694,36.89764027,0.15098576,0.150370442,Urban,Upper middle income,Lower middle,High,5-10%,1219912,0.000089,0.00006,yes,no,no,1219912,Upper middle,Lower Middle,"[National Forest Amendment Bill, https://pmg.org.za/committee-meeting/30359/]"
South Sudan,SSD,0.073333333,0.022,2.38,1.904,0,0,0,0,,,0.488817515,0.146645254,0.820124966,0.344452486,,0,0,0,1.06,0.636,0,0,0,0,0,0,0,0,,0,0.072718317,0.04363099,12.05881751,6.101245254,,,,enhance,null,null,null,null,null,null,null,Rural,Low income,null,Low,null,,,,no,no,no,619745,Low,High,
Spain,ESP,79.16333333,23.749,,0,12.13,7.278,0,0,,,7.99046534,2.397139602,37.67749436,15.82454763,6.450672778,5.8056055,0.2,0.12,1.05,0.63,3.72,3.348,0.11,0.0528,0.03,0.027,0,0,,0,2.341674588,1.405004753,387.6711381,131.1535451,,,,null,update,-10.91612062,1.302216843,1.163428018,-3.693047475,0.440554735,0.3936009,Urban,High income,High,Lower middle,5-10%,499542,0.000776,0.000263,yes,no,yes,499542,Upper middle,Lower Middle,"[National Climate Change Adaptation Plan 2021?2030, https://thelawreviews.co.uk/title/the-environment-and-climate-change-law-review/spain]"
Sri Lanka,LKA,3.153333333,0.946,2.64,2.112,1.5,0.9,1.88,0.564,,,0.437323276,0.131196983,1.376612359,0.578177191,1.215301455,1.09377131,1.73,1.038,0.04,0.024,0,0,0.06,0.0288,0,0,0.03,0.027,0.020305677,0.006091703,0.030377195,0.018226317,14.20293041,7.538259996,,,,enhance,null,3.125269744,0.39114775,0.347638536,1.658748949,0.207603174,0.184510491,Rural,Lower middle income,Lower middle,High,10-20%,64740,0.000219,0.000116,no,no,no,64740,Middle,Upper Middle,"[National Adaptation Plan for Climate Change Impact, https://www.slycantrust.org/blog-posts-knowledge/blue-carbon-ecosystems-climate-change-vulnerable-communities-and-mangroves-in-sri-lanka],[National Policy on Conservation and Sustainable Utilization of Mangrove Ecosystems, https://www.slycantrust.org/post/blue-carbon-ecosystems-climate-change-vulnerable-communities-and-mangroves-in-sri-lanka]"
Sudan,SDN,0,0,0.02,0.016,5.92,3.552,4.74,1.422,-4.1,,1.994185602,0.598255681,26.34880483,11.06649803,0.484157969,0.435742173,0,0,1.04,0.624,1.22,1.098,2.91,1.3968,0.58,0.522,0,0,0,0,0.357549851,0.21452991,41.81834357,21.00899785,,,Mitigation and Adaptation,enhance,null,0.193306486,0.307988095,0.118764692,0.097114692,0.154729257,0.059665853,Rural,Lower middle income,Low,Upper middle,5-10%,2376000,0.000018,0.000009,no,no,no,2376000,Low,High,
Suriname,SUR,1.283333333,0.385,3.22,2.576,3.24,1.944,0.03,0.009,,,0.032367543,0.009710263,0.019149488,0.008042785,0.035213628,0.031692265,0.06,0.036,0,0,0.36,0.324,0.29,0.1392,0.06,0.054,0.89,0.801,0.130036837,0.039011051,0,0,9.967618008,6.462813579,,,Mitigation and Adaptation,null,null,2.178497876,3.353021348,1.320532315,1.41249651,2.174035149,0.85620799,Urban,Upper middle income,Upper middle,Upper middle,1-5%,161470,0.000062,0.00004,no,no,no,161470,Middle,High,
Swaziland,SWZ,0,0,5.13,4.104,0,0,0.17,0.051,0.02,,0.497942124,0.149382637,0.12,0.0504,0,0,0,0,0.08,0.048,0,0,0.1,0.048,0.05,0.045,0,0,,0,0,0,6.167942124,4.495782637,,,Mitigation and Adaptation,null,null,null,2.02892833,2.02892833,null,1.478875867,1.478875867,Rural,Lower middle income,Low,Upper middle,1-5%,17203,0.000359,0.000261,no,no,no,17203,Lower middle,Lower Middle,
Sweden,SWE,0.366666667,0.11,,0,5.33,3.198,0,0,,,2.623897988,0.787169396,3.032520614,1.273658658,0.805539793,0.724985814,0,0,0,0,1.92,1.728,7.1,3.408,1.42,1.278,0,0,,0,0.092574833,0.0555449,22.47943778,12.21015521,,,Mitigation and Adaptation,null,update,-1.769021431,0.71059778,0.506957962,-0.960879291,0.385975364,0.275364334,Urban,High income,High,Low,5-10%,410934,0.000055,0.00003,yes,no,yes,410934,High,Lower Middle,
Switzerland,CHE,3.19,0.957,,0,0.1,0.06,0,0,,,0.381749446,0.114524834,1.403539782,0.589486709,0.343376889,0.3090392,0,0,0.22,0.132,0.98,0.882,0.17,0.0816,0.04,0.036,0,0,,0,0.008165044,0.004899026,5.395126334,2.733564034,,,,enhance,null,-2.260814845,0.115507094,0.109892581,-1.1454935,0.058524308,0.055679587,Urban,High income,High,Upper middle,Greater than 20%,39770,0.000136,0.000069,yes,no,no,39770,High,Lower Middle,"[Action Plan for the Swiss Biodiversity Strategy, https://www.vogelwarte.ch/en/atlas/focus/species-conservation-is-necessary-and-worth-the-effort],[EU Action Plan for Sustainable Finance, https://www.swissbanking.ch/en/topics/sustainable-finance/disclosure-and-taxonomy],[Forest Policy 2020, https://www.openaccessgovernment.org/forests-switzerland/9017/]"
Syria,SYR,0.88,0.264,,0,0.36,0.216,0,0,,,1.126665088,0.337999526,8.223281999,3.45377844,0.3489861,0.31408749,0,0,0.12,0.072,0.11,0.099,0.01,0.0048,0,0,0,0,,0,0.605587244,0.363352347,2.655651189,1.217887017,,,,null,null,-1.527034139,0.032872148,0.032179428,-0.700300951,0.015075234,0.014757551,Urban,Low income,Low,Upper middle,0-1%,184050,0.000014,0.000007,no,no,no,184050,Low,Lower Middle,
Taiwan,TWN,#N/A,#N/A,,0,,0,,0,,,0.290153084,0.087045925,#N/A,#N/A,1.364764616,1.228288155,,0,,0,0,0,,0,,0,,0,,0,,,1.6549177,1.31533408,,,,null,null,null,null,null,null,null,null,null,null,null,Low,null,,,,no,no,no,,High,Upper Middle,
Tajikistan,TJK,0.11,0.033,,0,0.01,0.006,0,0,,,0.492069776,0.147620933,1.276364408,0.536073051,0,0,0.05,0.03,0.09,0.054,0.01,0.009,0,0,0,0,0,0,,0,0.232252408,0.139351445,0.732069776,0.270620933,,Mitigation,,null,null,null,0.08398798,0.08398798,null,0.031047458,0.031047458,Rural,Low income,Upper middle,Low,1-5%,142700,0.000005,0.000002,no,no,no,142700,Low,High,
Tanzania,TZA,48.73,14.619,41.44,33.152,55.26,33.156,8.94,2.682,6.03,,3.826306637,1.147891991,13.79210949,5.792685987,0,0,1.72,1.032,0.95,0.57,0.05,0.045,0.26,0.1248,0.11,0.099,0.16,0.144,0.032755019,0.009826506,0.117768208,0.070660925,199.9890617,97.6907185,,,Mitigation and Adaptation,enhance,null,0.872293138,2.991609,0.675369072,0.426098021,1.461342087,0.329904493,Rural,Low income,Low,High,Greater than 20%,886037,0.000226,0.00011,no,no,no,886037,Lower middle,Upper Middle,
Thailand,THA,213.84,64.152,45.14,36.112,0.8,0.48,5.67,1.701,,,11.94972618,3.584917855,27.93721885,11.73363192,3.630310309,3.267279278,19.7,11.82,0,0,0,0,1.57,0.7536,0.25,0.225,3.74,3.366,0.474076765,0.14222303,0.015674429,0.009404657,245.8041133,111.2520202,Adaptation,,,null,null,34.91986628,0.744844534,0.729288726,15.80488469,0.337119904,0.330079277,Rural,Upper middle income,Upper middle,High,10-20%,511770,0.00048,0.000217,no,no,no,511770,Lower middle,Upper Middle,"[National Environmental Quality Act, https://iclg.com/practice-areas/environment-and-climate-change-laws-and-regulations/thailand],[Policy and Prospective Plan for Enhancement and Conservation of National Environment Quality, https://www.oecd-ilibrary.org/sites/6091762f-en/index.html?itemId=/content/component/6091762f-en],[Thailand National Plan of Action for Conservation and Management of Sharks, https://en.wikipedia.org/wiki/Environmental_issues_in_Thailand],[Twelfth National Economic and Social Development Plan, https://en.wikipedia.org/wiki/Environmental_issues_in_Thailand],[Wildlife Conservation and Protection Act B.E. 2562 (2019), https://www.usaidwildlifeasia.org/news/all-news/usaid-facilitates-groundbreaking-changes-to-thailand2019s-national-wildlife-law]"
Timor-Leste,TLS,6.526666667,1.958,0.7,0.56,0.24,0.144,0.02,0.006,,,0.07746478,0.023239434,0.46,0.1932,,0,0,0,0.01,0.006,0,0,0,0,0,0,0.01,0.009,0.001072067,0.00032162,0,0,1.518536846,0.941761054,,Mitigation,,enhance,null,null,null,null,null,null,null,Rural,Lower middle income,null,Low,null,15007,0.000101,0.000063,no,no,no,15007,Lower middle,Upper Middle,"[Fishery Law and the National Oceans Policy, https://mel.cgiar.org/projects/953/125/inclusive-evidence-based-development-of-a-national-fisheries-strategy-for-timor-leste]"
Togo,TGO,10.56,3.168,0.63,0.504,0.11,0.066,1.02,0.306,-0.2,,0.461493518,0.138448055,0.832124105,0.349492124,0,0,0.06,0.036,0.05,0.03,0,0,0.06,0.0288,0.07,0.063,0,0,0,0,0.244611296,0.146766777,10.65149352,3.798448055,Adaptation,,,enhance,null,1.62731151,1.776056218,0.849216704,0.580318453,0.633362568,0.30284068,Rural,Low income,Low,High,5-10%,54385,0.000196,0.00007,no,no,no,54385,Lower middle,Upper Middle,
Trinidad and Tobago,TTO,0,0,0.57,0.456,0.17,0.102,0.01,0.003,,,,0,0.01016045,0.004267389,,0,0,0,0,0,0,0,0.01,0.0048,0.01,0.009,0.12,0.108,0.014691024,0.004407307,0.023950371,0.014370223,0.944691024,0.704007307,,,,enhance,null,-86.59667719,0.039744516,0.039726284,-64.53400316,0.029618605,0.029605017,Urban,High income,Upper middle,High,5-10%,5128,0.000184,0.000137,no,no,no,5128,Middle,Upper Middle,"[Environmental Management Act, https://thelawreviews.co.uk/title/the-oil-and-gas-law-review/trinidad-and-tobago]"
Tunisia,TUN,1.063333333,0.319,,0,0.06,0.036,0,0,,,0.506535081,0.151960524,5.968695211,2.506851989,0.087285161,0.078556644,0,0,0.1,0.06,0.13,0.117,0,0,0,0,0,0,,0,0.244797009,0.146878205,1.693820242,0.691317169,,,Mitigation and Adaptation,enhance,null,-4.059264196,0.051592243,0.050944748,-1.656751385,0.0210569,0.020792631,Urban,Lower middle income,Upper middle,Lower middle,0-1%,155360,0.000011,0.000004,no,no,no,155360,Middle,Lower Middle,
Turkey,TUR,119.3866667,35.816,,0,7.91,4.746,0,0,,,15.7884005,4.736520151,43.31959467,18.19422976,2.796159771,2.516543793,0.16,0.096,2.01,1.206,2.61,2.349,0.31,0.1488,0.03,0.027,0,0,,0,8.435623953,5.061374372,166.3645603,62.68526394,,Mitigation,,null,null,-3.081862855,0.629239231,0.522548011,-1.161229207,0.237093929,0.196893256,Urban,Upper middle income,Lower middle,Upper middle,1-5%,770760,0.000216,0.000081,no,no,no,770760,Lower middle,Upper Middle,"[Action Plan Against Erosion, https://www.dailysabah.com/turkey/turkey-mobilizes-against-erosion-with-awareness-action-plan/news]"
Turkmenistan,TKM,0,0,,0,0,0,0,0,,,0.584319432,0.175295829,0.038284748,0.016079594,0,0,0.1,0.06,0.33,0.198,0,0,0.12,0.0576,0,0,0,0,,0,0.66156376,0.396938256,1.134319432,0.490895829,,,,null,null,-21.51295474,0.0115303,0.011524123,-9.310093318,0.004989931,0.004987258,Urban,Upper middle income,Lower middle,Upper middle,1-5%,488100,0.000002,0.000001,no,no,no,488100,Low,Upper Middle,
Uganda,UGA,4.326666667,1.298,14.07,11.256,0.37,0.222,6.37,1.911,0.24,,1.929567351,0.578870205,0.467113024,0.19618747,0,0,0.09,0.054,0.31,0.186,0.03,0.027,14.55,6.984,8.8,7.92,0,0,,0,1.217727484,0.73063649,51.55956735,30.74567021,,,Mitigation and Adaptation,enhance,null,2.0500081,1.837178066,0.96888334,1.22244767,1.09553423,0.577758293,Rural,Low income,Low,High,Greater than 20%,199710,0.000258,0.000154,no,no,no,199710,Lower middle,Lower Middle,"[National Environment Act of Uganda, https://www.biofin.org/uganda],[Third National Development Plan (NDPIII) 2020/21 ? 2024/25, http://www.o4ug.com/manager-climate-change-and-nature-based-solution-world-wide-fund-for-nature-uganda/]"
Ukraine,UKR,51.15,15.345,,0,1.88,1.128,0,0,,,23.97310443,7.19193133,50.72078131,21.30272815,0,0,0.05,0.03,2.81,1.686,1.7,1.53,3.08,1.4784,0,0,0,0,,0,5.202631782,3.121579069,108.9931044,40.35873133,,,,enhance,null,-7.221564563,0.304940178,0.292585371,-2.674051588,0.112915388,0.108340564,Urban,Lower middle income,High,Lower middle,1-5%,603700,0.000181,0.000067,yes,no,no,603700,Lower middle,Lower Middle,"[National Action Plan to Combat Land Degradation and Desertification, https://www.agroberichtenbuitenland.nl/landeninformatie/oekraine/documenten/publicaties/2021/06/17/ukraine-soil-degradation]"
United Arab Emirates,ARE,0,0,,0,0.14,0.084,0,0,,,0.001667848,0.000500354,0.005766693,0.002422011,0.204837954,0.184354158,0,0,0.01,0.006,0,0,0,0,0,0,0,0,0,0,0,0,0.356505802,0.274854513,Adaptation,,,null,null,-1.970635085,0.001922363,0.00192049,-1.519296301,0.00148208,0.001480636,Urban,High income,Lower middle,Lower middle,0-1%,83600,0.000004,0.000003,no,no,no,83600,Upper middle,,"[National Plan of Action for the Conservation and Management of Sharks 2018-2021, https://www.thegulfindians.com/uae-a-global-leader-in-environmental-stewardship/]"
United Kingdom,GBR,100.0633333,30.019,,0,0,0,0,0,,,10.61189602,3.183568807,15.44784096,6.488093205,4.710407113,4.239366402,0,0,1.31,0.786,8.53,7.677,5.76,2.7648,1.15,1.035,0,0,,0,2.375250397,1.425150238,95.98230314,41.78073521,,,,null,null,-8.103502452,0.171819546,0.168252076,-3.52742411,0.074792401,0.073239495,Urban,High income,High,Low,Greater than 20%,241590,0.000397,0.000173,yes,no,no,241590,High,Low,"[Climate Change Bill, https://www.thejournal.ie/readme/northern-ireland-climate-bill-5461637-Jun2021/],[England Peat Action Plan, https://www.edie.net/news/11/Trees--peat-and-net-zero--UK-to-enshrine-new-nature-goals-in-law/],[England Trees Action Plan, https://www.gov.uk/government/publications/environment-bill-2020/10-march-2020-nature-and-conservation-covenants-parts-6-and-7]"
United States,USA,307,252,,0,65.72,39.432,0,0,0,,163.1386241,48.94158722,93,93,14.58434631,13.12591168,2.35,1.41,13.73,8.238,13.79,12.411,17.58,8.4384,3.54,3.186,3.8,3.42,0.49823728,0.149471184,40.06221611,24.03732967,1115.931208,427.5479701,,,,null,null,-4.8558862,0.18474392,0.177972879,-1.860441104,0.070781145,0.068186948,Urban,High income,High,High,Greater than 20%,9161923,0.000122,0.000047,no,yes,no,9161923,High,Upper Middle,"[The Trillion Trees Act, https://www.wri.org/insights/us-policy-trees-natural-infrastructure],[Agriculture Improvement Act of 2022, https://www.everycrsreport.com/reports/R45275.html],[CITGO Caring for Our Coasts Gulf Region Grants Program, https://gulfofmexicoalliance.org/announcements/funding/],[Environmental Quality Incentive Program, https://www.wri.org/insights/us-policy-trees-natural-infrastructure],[The Agriculture Resilience Act, https://pingree.house.gov/netzeroagriculture/ara-statements-of-support.htm],[The Climate Stewardship Act, https://www.wri.org/insights/us-policy-trees-natural-infrastructure],[The Growing Climate Solutions Act, https://www.wri.org/insights/us-policy-trees-natural-infrastructure],[The Rural Forest Markets Act, https://www.wri.org/insights/us-policy-trees-natural-infrastructure]"
Uruguay,URY,0,0,4.52,3.616,0.19,0.114,0.36,0.108,0,,1.353044161,0.405913248,14.30804829,6.009380282,0.347889735,0.313100761,0.28,0.168,0.6,0.36,0,0,0.29,0.1392,0.05,0.045,0,0,,0,1.071603481,0.642962088,20.2509339,10.41841401,,,Mitigation and Adaptation,enhance,null,-1.340153248,5.849797081,1.090358653,-0.689463086,3.009520854,0.560952296,Urban,High income,High,Upper middle,0-1%,173620,0.000117,0.00006,no,no,no,173620,Upper middle,Lower Middle,"[Uruguay's Law on Use and Conservation of Soil and Water, https://initiative20x20.org/regions-countries/uruguay]"
Uzbekistan,UZB,0,0,,0,0,0,0,0,,,2.971274358,0.891382307,6.262159178,2.630106855,0,0,0.06,0.036,0.67,0.402,0.01,0.009,0.48,0.2304,0.08,0.072,0,0,,0,2.102721433,1.26163286,4.281274358,1.643782307,Adaptation,,,null,null,-0.609552394,0.020721525,0.020040263,-0.234035793,0.007955967,0.007694398,Urban,Lower middle income,High,Lower middle,1-5%,425400,0.00001,0.000004,no,no,no,425400,Low,Upper Middle,
Vanuatu,VUT,2.09,0.627,0,0,0,0,0,0,,,0.000316694,9.50E-05,0,0,,0,0,0,0,0,0,0,0,0,0,0,0,0,0,0,0,0,1.890316694,0.567095008,,,,enhance,null,-94.51583468,3.203926599,3.098879826,-28.3547504,0.96117798,0.929663948,Rural,Lower middle income,null,Lower middle,0-1%,12200,0.000155,0.000046,no,no,no,12200,Middle,High,"[The Vanuatu National Environment Policy and Implementation Plan 2016?2030, https://www.greengrowthknowledge.org/national-documents/vanuatu-national-environment-policy-and-implementation-plan-2016-2030]"
Venezuela,VEN,186.45,55.935,34,27.2,52.04,31.224,0.67,0.201,0.29,,1.214959373,0.364487812,6.726617818,2.825179483,1.863642457,1.677278211,0.48,0.288,0.94,0.564,0.37,0.333,2.62,1.2576,1.11,0.999,0.97,0.873,0.130500752,0.039150226,0.425566411,0.255339847,207.7791026,100.1613162,,,Mitigation and Adaptation,null,null,4.465486838,0.826586715,0.697479364,2.152618015,0.398461695,0.336224627,Urban,Upper middle income,High,High,Greater than 20%,882050,0.000236,0.000114,no,no,no,882050,Low,High,
Vietnam,VNM,110.7333333,33.22,54.59,43.672,5.4,3.24,6.76,2.028,,,7.919814521,2.375944356,9.621688337,4.041109102,2.948299796,2.653469817,12.16,7.296,0.21,0.126,0.63,0.567,3.81,1.8288,0.76,0.684,0.65,0.585,,0,0.283315292,0.169989175,145.4381143,81.07261417,,,Mitigation and Adaptation,null,null,-11.2758617,0.736066869,0.690962169,-6.285584691,0.410311049,0.385168012,Rural,Lower middle income,High,High,1-5%,325360,0.000447,0.000249,no,no,no,325360,Lower middle,Lower Middle,"[Forest Law Enforcement, Governance and Trade Voluntary Partnership Agreement (VPA), https://www.iucn.org/news/viet-nam/201807/how-increase-value-vietnams-forestry-sector],[National REDD+ Action Programme, https://unredd.net/announcements-and-news/2635-viet-nam-s-vow-for-forest-protection.html]"
Western Sahara,ESH,0,0,,0,0,0,,0,,,0.000719227,0.000215768,0,0,,0,0,0,0,0,,0,0,0,0,0,0,0,,0,0,0,0.000719227,0.000215768,,,,null,null,null,null,null,null,null,null,null,null,null,Low,null,266000,0,0,no,no,no,266000,,,
Yemen,YEM,0,0,,0,0.66,0.396,0,0,,,0.179309959,0.053792988,0.288935748,0.121353014,0,0,0,0,0.1,0.06,0.8,0.72,0,0,0,0,0,0,0,0,0.034559472,0.020735683,2.159309959,1.406192988,,,,enhance,null,null,0.070423415,0.070423415,null,0.04586137,0.04586137,Rural,Low income,Low,Low,0-1%,527970,0.000004,0.000003,no,no,no,527970,Low,,
Zambia,ZMB,2.603333333,0.781,31.8,25.44,24.44,14.664,3.11,0.933,14.49,,1.455088903,0.436526671,3.413670387,1.433741563,0.554552627,0.499097364,0.02,0.012,1.11,0.666,0,0,3.49,1.6752,1.88,1.692,0,0,,0,0,0,88.16964153,48.26182403,,,Mitigation and Adaptation,enhance,null,0.250636642,1.955966637,0.222168124,0.137192137,1.070646495,0.121609192,Rural,Lower middle income,Low,Low,Greater than 20%,740724,0.000119,0.000065,no,no,no,740724,Lower middle,Upper Middle,
Zimbabwe,ZWE,0.073333333,0.022,4.87,3.896,15.5,9.3,2.93,0.879,0.81,,0.584618594,0.175385578,10.15299556,4.264258136,,0,0,0,1.08,0.648,0.1,0.09,0.73,0.3504,0.44,0.396,0,0,,0,0,0,34.64461859,18.92678558,Adaptation,,,enhance,null,0.932948503,1.354171006,0.55238557,0.509681359,0.739800445,0.3017751,Rural,Low income,High,High,10-20%,386670,0.00009,0.000049,no,no,no,386670,Low,Upper Middle,
,,,,,,,,,,,,,,,,,,,,,,,,,,,,,,,,,,,,,,,,null,,,,,,,,,,,,,,,,,,,,,